
==========================================================================================
  SUPERCONDUCTING ATTENTION TRANSFORMER
  Spontaneous Symmetry Breaking via Chemical Potential + Sparsemax
==========================================================================================
Device: cpu
Architecture: d_model=64, n_heads=4, n_layers=2, d_ff=256
Task: modular addition mod 26
Batch size: 384
Weight decay: 0.01 (adaptive)
Chemical potential: mu_max=0.1, onset=0.06, exponent=3.0
Gate L0 reg: 0.01
Topological reg: 0.01
Cooper pair loss: 0.05
Resistance loss: 0.02
Kappa threshold: 2.0
Delta target: 0.1
==========================================================================================
Using seed: 54
Train: 338, Test: 338
Parameters: 104,550
[RESUME] From epoch 207925

============================================================================================================================================
PHASE 1: SUPERCONDUCTING THERMODYNAMIC TRAINING
============================================================================================================================================
Pressure (WD): 0.01 (adaptive by phase)
Chemical Potential: mu_onset=0.06, mu_max=0.1
Sparsemax: replacing softmax for hard-zero attention
Topological Gating: head gates + FF gates with L0 regularization
Cooper Pair Loss: weight=0.05
Resistance Loss: weight=0.02
Target: kappa->1, delta->0, T_eff->0, Acc->1.0, Resistance->0, Conductance->inf
============================================================================================================================================
     E |      Loss |     tLoss |    Acc |  delta |    kappa |     S |       Cv |       Te |       hb |      G |     mu | sparse |      R |    cond |    Psi | Meiss |    gap |    |W| |      |g| |      WD |    Ph
------------------------------------------------------------------------------------------------------------------------------------------------------------------------------------------------------------------
*** PHASE TRANSITION at epoch 25: unknown -> gas (cond=5000000069.32, meissner=0.0351) ***
    25 |  4.23e+00 |  3.70e+00 | 0.0207 | 0.5000 |      inf | 0.004 | 6.35e-03 | 0.00e+00 | 0.00e+00 | 0.0002 | 0.0000 |  0.873 |  0.004 | 5000000069.32 | 0.0000 | 0.035 | 0.7809 | 790.65 | 7.43e-01 | 1.0e-02 |   gas
    50 |  3.79e+00 |  3.41e+00 | 0.0207 | 0.5000 | 199838.81 | 0.001 | 4.06e-03 | 0.00e+00 | 0.00e+00 | 0.0000 | 0.0000 |  0.875 |  0.001 | 5000000354.03 | 0.0000 | 0.097 | 0.9916 | 892.11 | 4.18e-01 | 1.0e-02 |   gas
    75 |  3.69e+00 |  3.82e+00 | 0.0148 | 0.5000 | 199838.81 | 0.000 | 7.45e-04 | 0.00e+00 | 0.00e+00 | 0.0000 | 0.0000 |  0.875 |  0.000 | 5000000909.33 | 0.0000 | 0.196 | 1.0012 | 916.20 | 4.50e-01 | 1.0e-02 |   gas
   100 |  3.38e+00 |  4.03e+00 | 0.0266 | 0.5000 | 107532.18 | 0.000 | 3.49e-04 | 0.00e+00 | 0.00e+00 | 0.0000 | 0.0000 |  0.875 |  0.000 | 5000003134.18 | 0.0000 | 0.147 | 1.0023 | 975.14 | 4.40e-01 | 1.0e-02 |   gas
   125 |  3.30e+00 |  4.39e+00 | 0.0178 | 0.4999 | 107532.18 | 0.001 | 6.57e-03 | 0.00e+00 | 0.00e+00 | 0.0000 | 0.0000 |  0.874 |  0.001 | 5000000221.16 | 0.0000 | 0.161 | 1.0242 | 1044.90 | 4.24e-01 | 1.0e-02 |   gas
   150 |  3.23e+00 |  4.71e+00 | 0.0059 | 0.5000 | 21928.62 | 0.000 | 0.00e+00 | 0.00e+00 | 0.00e+00 | 0.0000 | 0.0000 |  0.875 |  0.000 | 10000000000.00 | 0.0000 | 0.169 | 1.0398 | 1088.34 | 4.20e-01 | 1.0e-02 |   gas
   175 |  3.35e+00 |  4.00e+00 | 0.0118 | 0.5000 | 21928.62 | 0.000 | 5.86e-05 | 0.00e+00 | 0.00e+00 | 0.0001 | 0.0000 |  0.875 |  0.000 | 5000005035.41 | 0.0000 | 0.155 | 1.0576 | 1126.09 | 1.00e+00 | 1.0e-02 |   gas
   200 |  3.28e+00 |  4.51e+00 | 0.0089 | 0.4999 | 16244.82 | 0.000 | 2.56e-04 | 0.00e+00 | 0.00e+00 | 0.0001 | 0.0000 |  0.875 |  0.000 | 5000000510.63 | 0.0000 | 0.162 | 1.0901 | 1181.35 | 4.79e-01 | 1.0e-02 |   gas
       LC=   -inf psi_sp=2.171 F=7.0 alpha=0.69 hd_gate_sp=0.500 ff_gate_sp=1.000 hd_topo=0.0 ff_topo=0.0 cooper_n=0 gap_r=0.9961
   225 |  3.38e+00 |  4.33e+00 | 0.0118 | 0.5000 | 16244.82 | 0.000 | 0.00e+00 | 0.00e+00 | 0.00e+00 | 0.0001 | 0.0000 |  0.875 |  0.000 | 10000000000.00 | 0.0000 | 0.140 | 1.1550 | 1230.42 | 4.96e-01 | 1.0e-02 |   gas
   250 |  3.22e+00 |  5.16e+00 | 0.0030 | 0.5000 | 19118.26 | 0.000 | 2.33e-04 | 0.00e+00 | 0.00e+00 | 0.0000 | 0.0000 |  0.875 |  0.000 | 5000011665.02 | 0.0000 | 0.173 | 1.2068 | 1273.16 | 3.99e-01 | 1.0e-02 |   gas
   275 |  3.12e+00 |  5.76e+00 | 0.0000 | 0.5000 | 19118.26 | 0.000 | 3.08e-05 | 0.00e+00 | 0.00e+00 | 0.0001 | 0.0000 |  0.875 |  0.000 | 5000003915.60 | 0.0000 | 0.149 | 1.3158 | 1312.52 | 5.48e-01 | 1.0e-02 |   gas
   300 |  3.11e+00 |  5.49e+00 | 0.0030 | 0.5000 | 22879.31 | 0.000 | 3.78e-03 | 0.00e+00 | 0.00e+00 | 0.0001 | 0.0000 |  0.875 |  0.000 | 5000000715.10 | 0.0000 | 0.130 | 1.4599 | 1356.49 | 4.72e-01 | 1.0e-02 |   gas
   325 |  3.04e+00 |  6.03e+00 | 0.0000 | 0.4999 | 22879.31 | 0.000 | 4.49e-05 | 0.00e+00 | 0.00e+00 | 0.0000 | 0.0000 |  0.875 |  0.000 | 5000004179.20 | 0.0000 | 0.127 | 1.6266 | 1403.36 | 4.37e-01 | 1.0e-02 |   gas
   350 |  2.94e+00 |  6.82e+00 | 0.0000 | 0.5000 | 24210.13 | 0.000 | 8.31e-18 | 0.00e+00 | 0.00e+00 | 0.0000 | 0.0000 |  0.875 |  0.000 | 7657135955.40 | 0.0000 | 0.120 | 1.7438 | 1437.80 | 4.50e-01 | 1.0e-02 |   gas
   375 |  3.34e+00 |  6.53e+00 | 0.0000 | 0.5000 | 24210.13 | 0.001 | 1.30e-03 | 0.00e+00 | 0.00e+00 | 0.0002 | 0.0000 |  0.875 |  0.001 | 5000000372.23 | 0.0000 | 0.102 | 1.8456 | 1489.73 | 7.31e-01 | 1.0e-02 |   gas
   400 |  3.02e+00 |  6.01e+00 | 0.0030 | 0.5000 | 27142.46 | 0.000 | 1.34e-04 | 0.00e+00 | 0.00e+00 | 0.0001 | 0.0000 |  0.875 |  0.000 | 5000006066.87 | 0.0000 | 0.109 | 1.9385 | 1554.44 | 5.22e-01 | 1.0e-02 |   gas
       LC=   -inf psi_sp=3.141 F=-15.1 alpha=0.69 hd_gate_sp=0.500 ff_gate_sp=1.000 hd_topo=0.0 ff_topo=0.0 cooper_n=0 gap_r=0.9955
   425 |  2.63e+00 |  8.14e+00 | 0.0000 | 0.5000 | 27142.46 | -0.000 | 1.93e-17 | 0.00e+00 | 0.00e+00 | 0.0001 | 0.0000 |  0.875 | -0.000 | -1549204773.81 | 0.0000 | 0.095 | 1.9651 | 1604.72 | 4.78e-01 | 1.0e-02 |   gas
   450 |  3.15e+00 |  5.04e+00 | 0.0059 | 0.5000 | 27518.92 | 0.000 | 0.00e+00 | 0.00e+00 | 0.00e+00 | 0.0001 | 0.0000 |  0.875 |  0.000 | 10000000000.00 | 0.0000 | 0.073 | 2.0034 | 1695.13 | 5.84e-01 | 1.0e-02 |   gas
   475 |  2.69e+00 |  7.80e+00 | 0.0000 | 0.5000 | 27518.92 | 0.000 | 1.40e-11 | 0.00e+00 | 0.00e+00 | 0.0001 | 0.0000 |  0.875 |  0.000 | 5002214406.06 | 0.0000 | 0.083 | 2.0453 | 1751.73 | 5.61e-01 | 1.0e-02 |   gas
   500 |  2.62e+00 |  9.10e+00 | 0.0030 | 0.5000 | 29363.10 | 0.000 | 0.00e+00 | 0.00e+00 | 0.00e+00 | 0.0003 | 0.0000 |  0.875 |  0.000 | 10000000000.00 | 0.0000 | 0.077 | 2.1496 | 1813.66 | 9.01e-01 | 1.0e-02 |   gas
   525 |  3.08e+00 |  6.38e+00 | 0.0000 | 0.5000 | 29363.10 | 0.000 | 0.00e+00 | 0.00e+00 | 0.00e+00 | 0.0002 | 0.0000 |  0.875 |  0.000 | 10000000000.00 | 0.0000 | 0.072 | 2.3017 | 1885.09 | 8.28e-01 | 1.0e-02 |   gas
   550 |  3.01e+00 |  6.91e+00 | 0.0000 | 0.5000 | 61072.64 | 0.000 | 0.00e+00 | 0.00e+00 | 0.00e+00 | 0.0001 | 0.0000 |  0.875 |  0.000 | 10000000000.00 | 0.0000 | 0.085 | 2.3290 | 1893.36 | 4.99e-01 | 1.0e-02 |   gas
   575 |  2.90e+00 |  7.53e+00 | 0.0000 | 0.4999 | 61072.64 | 0.000 | 0.00e+00 | 0.00e+00 | 0.00e+00 | 0.0001 | 0.0000 |  0.875 |  0.000 | 10000000000.00 | 0.0000 | 0.090 | 2.3977 | 1903.80 | 4.95e-01 | 1.0e-02 |   gas
   600 |  3.02e+00 |  6.88e+00 | 0.0000 | 0.5000 | 62803.86 | 0.000 | 6.85e-05 | 0.00e+00 | 0.00e+00 | 0.0001 | 0.0000 |  0.875 |  0.000 | 5000004049.46 | 0.0000 | 0.081 | 2.5465 | 1932.98 | 5.69e-01 | 1.0e-02 |   gas
       LC=   -inf psi_sp=4.357 F=-50.9 alpha=0.69 hd_gate_sp=0.500 ff_gate_sp=1.000 hd_topo=0.0 ff_topo=0.0 cooper_n=0 gap_r=0.9945
   625 |  2.87e+00 |  7.48e+00 | 0.0000 | 0.5000 | 62803.86 | 0.000 | 0.00e+00 | 0.00e+00 | 0.00e+00 | 0.0001 | 0.0000 |  0.875 |  0.000 | 10000000000.00 | 0.0000 | 0.084 | 2.6760 | 1956.20 | 5.56e-01 | 1.0e-02 |   gas
   650 |  2.98e+00 |  7.19e+00 | 0.0000 | 0.4999 | 50920.45 | -0.000 | 1.54e-14 | 0.00e+00 | 0.00e+00 | 0.0000 | 0.0000 |  0.875 | -0.000 | 4909797191.87 | 0.0000 | 0.077 | 2.7844 | 1987.29 | 4.68e-01 | 1.0e-02 |   gas
   675 |  2.88e+00 |  7.22e+00 | 0.0000 | 0.5000 | 50920.45 | 0.000 | 0.00e+00 | 0.00e+00 | 0.00e+00 | 0.0000 | 0.0000 |  0.875 |  0.000 | 10000000000.00 | 0.0000 | 0.074 | 2.8613 | 2022.09 | 4.63e-01 | 1.0e-02 |   gas
   700 |  2.90e+00 |  7.53e+00 | 0.0000 | 0.5000 | 55776.94 | 0.000 | 2.79e-04 | 0.00e+00 | 0.00e+00 | 0.0001 | 0.0000 |  0.875 |  0.000 | 5000002355.06 | 0.0000 | 0.083 | 2.9102 | 2045.37 | 6.31e-01 | 1.0e-02 |   gas
   725 |  2.93e+00 |  7.21e+00 | 0.0000 | 0.5000 | 55776.94 | 0.000 | 0.00e+00 | 0.00e+00 | 0.00e+00 | 0.0001 | 0.0000 |  0.875 |  0.000 | 10000000000.00 | 0.0000 | 0.079 | 2.9350 | 2071.66 | 5.19e-01 | 1.0e-02 |   gas
   750 |  2.97e+00 |  7.21e+00 | 0.0000 | 0.5000 | 34073.11 | 0.000 | 8.00e-04 | 0.00e+00 | 0.00e+00 | 0.0001 | 0.0000 |  0.875 |  0.000 | 5000003928.40 | 0.0000 | 0.072 | 2.9519 | 2093.26 | 5.30e-01 | 1.0e-02 |   gas
   775 |  2.98e+00 |  7.61e+00 | 0.0000 | 0.5000 | 34073.11 | 0.000 | 0.00e+00 | 0.00e+00 | 0.00e+00 | 0.0000 | 0.0000 |  0.875 |  0.000 | 10000000000.00 | 0.0000 | 0.080 | 2.9636 | 2106.60 | 4.22e-01 | 1.0e-02 |   gas
   800 |  2.90e+00 |  7.72e+00 | 0.0000 | 0.5000 | 56181.83 | 0.000 | 0.00e+00 | 0.00e+00 | 0.00e+00 | 0.0001 | 0.0000 |  0.875 |  0.000 | 10000000000.00 | 0.0000 | 0.073 | 2.9807 | 2143.27 | 6.21e-01 | 1.0e-02 |   gas
       LC=   -inf psi_sp=5.381 F=-84.8 alpha=0.69 hd_gate_sp=0.500 ff_gate_sp=1.000 hd_topo=0.0 ff_topo=0.0 cooper_n=0 gap_r=0.9944
   825 |  2.89e+00 |  7.60e+00 | 0.0000 | 0.5000 | 56181.83 | 0.000 | 0.00e+00 | 0.00e+00 | 0.00e+00 | 0.0001 | 0.0000 |  0.875 |  0.000 | 10000000000.00 | 0.0000 | 0.061 | 3.0080 | 2177.25 | 4.83e-01 | 1.0e-02 |   gas
   850 |  2.76e+00 |  8.47e+00 | 0.0030 | 0.4999 | 69249.62 | 0.000 | 0.00e+00 | 0.00e+00 | 0.00e+00 | 0.0001 | 0.0000 |  0.875 |  0.000 | 10000000000.00 | 0.0000 | 0.062 | 3.0569 | 2205.94 | 5.05e-01 | 1.0e-02 |   gas
   875 |  2.79e+00 |  8.37e+00 | 0.0000 | 0.5000 | 69249.62 | 0.000 | 9.65e-14 | 0.00e+00 | 0.00e+00 | 0.0000 | 0.0000 |  0.875 |  0.000 | 5087063159.53 | 0.0000 | 0.049 | 3.1334 | 2267.78 | 4.71e-01 | 1.0e-02 |   gas
   900 |  2.86e+00 |  7.27e+00 | 0.0000 | 0.5000 | 47318.77 | 0.000 | 9.58e-04 | 0.00e+00 | 0.00e+00 | 0.0001 | 0.0000 |  0.875 |  0.000 | 5000003034.46 | 0.0000 | 0.041 | 3.2186 | 2312.09 | 5.05e-01 | 1.0e-02 |   gas
   925 |  2.93e+00 |  8.71e+00 | 0.0000 | 0.4999 | 47318.77 | 0.000 | 2.56e-04 | 0.00e+00 | 0.00e+00 | 0.0002 | 0.0000 |  0.875 |  0.000 | 5000005023.98 | 0.0000 | 0.041 | 3.2254 | 2332.57 | 7.74e-01 | 1.0e-02 |   gas
   950 |  2.91e+00 |  6.80e+00 | 0.0030 | 0.4999 | 64142.21 | 0.000 | 2.25e-04 | 0.00e+00 | 0.00e+00 | 0.0001 | 0.0000 |  0.875 |  0.000 | 5000004684.70 | 0.0000 | 0.040 | 3.3338 | 2384.39 | 5.19e-01 | 1.0e-02 |   gas
   975 |  2.80e+00 |  9.21e+00 | 0.0030 | 0.5000 | 64142.21 | 0.000 | 0.00e+00 | 0.00e+00 | 0.00e+00 | 0.0002 | 0.0000 |  0.875 |  0.000 | 10000000000.00 | 0.0000 | 0.043 | 3.3547 | 2390.26 | 8.22e-01 | 1.0e-02 |   gas
  1000 |  2.78e+00 |  8.36e+00 | 0.0000 | 0.5000 | 110532.95 | 0.000 | 2.06e-04 | 0.00e+00 | 0.00e+00 | 0.0000 | 0.0000 |  0.875 |  0.000 | 5000004406.32 | 0.0000 | 0.044 | 3.4457 | 2406.25 | 4.62e-01 | 1.0e-02 |   gas
       LC=   -inf psi_sp=6.518 F=-115.7 alpha=0.69 hd_gate_sp=0.500 ff_gate_sp=1.000 hd_topo=0.0 ff_topo=0.0 cooper_n=0 gap_r=0.9888
  1025 |  2.73e+00 |  8.71e+00 | 0.0000 | 0.4999 | 110532.95 | 0.000 | 5.65e-04 | 0.00e+00 | 0.00e+00 | 0.0001 | 0.0000 |  0.875 |  0.000 | 5000006855.32 | 0.0000 | 0.048 | 3.5074 | 2412.45 | 6.76e-01 | 1.0e-02 |   gas
  1050 |  2.81e+00 |  8.52e+00 | 0.0000 | 0.5000 | 133161.89 | 0.000 | 5.20e-19 | 0.00e+00 | 0.00e+00 | 0.0003 | 0.0000 |  0.875 |  0.000 | 9503629412.52 | 0.0000 | 0.049 | 3.5393 | 2421.37 | 9.05e-01 | 1.0e-02 |   gas
  1075 |  2.83e+00 |  7.32e+00 | 0.0000 | 0.5000 | 133161.89 | 0.000 | 0.00e+00 | 0.00e+00 | 0.00e+00 | 0.0001 | 0.0000 |  0.875 |  0.000 | 10000000000.00 | 0.0000 | 0.052 | 3.5797 | 2429.88 | 4.99e-01 | 1.0e-02 |   gas
  1100 |  2.99e+00 |  7.38e+00 | 0.0000 | 0.5000 | 115769.43 | -0.000 | 2.33e-15 | 0.00e+00 | 0.00e+00 | 0.0002 | 0.0000 |  0.875 | -0.000 | 4174074875.04 | 0.0000 | 0.051 | 3.6024 | 2438.95 | 7.82e-01 | 1.0e-02 |   gas
  1125 |  3.20e+00 |  5.69e+00 | 0.0000 | 0.4999 | 115769.43 | 0.000 | 0.00e+00 | 0.00e+00 | 0.00e+00 | 0.0000 | 0.0000 |  0.875 |  0.000 | 10000000000.00 | 0.0000 | 0.073 | 3.6977 | 2454.30 | 4.43e-01 | 1.0e-02 |   gas
  1150 |  3.10e+00 |  6.92e+00 | 0.0030 | 0.4999 | 54180.70 | 0.000 | 0.00e+00 | 0.00e+00 | 0.00e+00 | 0.0001 | 0.0000 |  0.875 |  0.000 | 10000000000.00 | 0.0000 | 0.106 | 3.7638 | 2449.65 | 5.00e-01 | 1.0e-02 |   gas
  1175 |  3.32e+00 |  5.56e+00 | 0.0000 | 0.5000 | 54180.70 | 0.000 | 5.24e-04 | 0.00e+00 | 0.00e+00 | 0.0001 | 0.0000 |  0.875 |  0.000 | 5000002134.43 | 0.0000 | 0.113 | 3.8254 | 2472.77 | 4.94e-01 | 1.0e-02 |   gas
  1200 |  3.02e+00 |  5.66e+00 | 0.0030 | 0.5000 | 29547.51 | 0.000 | 0.00e+00 | 0.00e+00 | 0.00e+00 | 0.0000 | 0.0000 |  0.875 |  0.000 | 10000000000.00 | 0.0000 | 0.132 | 3.8668 | 2506.30 | 4.22e-01 | 1.0e-02 |   gas
       LC=   -inf psi_sp=6.839 F=-143.7 alpha=0.69 hd_gate_sp=0.500 ff_gate_sp=1.000 hd_topo=0.0 ff_topo=0.0 cooper_n=0 gap_r=0.9991
  1225 |  3.51e+00 |  3.67e+00 | 0.0178 | 0.5000 | 29547.51 | 0.000 | 0.00e+00 | 0.00e+00 | 0.00e+00 | 0.0000 | 0.0000 |  0.875 |  0.000 | 10000000000.00 | 0.0000 | 0.138 | 3.8756 | 2513.20 | 4.40e-01 | 1.0e-02 |   gas
  1250 |  3.03e+00 |  5.32e+00 | 0.0059 | 0.4999 | 18915.06 | 0.000 | 8.09e-13 | 0.00e+00 | 0.00e+00 | 0.0001 | 0.0000 |  0.875 |  0.000 | 5043914572.70 | 0.0000 | 0.158 | 3.8892 | 2519.34 | 4.99e-01 | 1.0e-02 |   gas
  1275 |  3.36e+00 |  4.54e+00 | 0.0089 | 0.5000 | 18915.06 | 0.000 | 0.00e+00 | 0.00e+00 | 0.00e+00 | 0.0001 | 0.0000 |  0.875 |  0.000 | 10000000000.00 | 0.0000 | 0.165 | 3.8914 | 2524.61 | 5.36e-01 | 1.0e-02 |   gas
  1300 |  3.13e+00 |  5.60e+00 | 0.0030 | 0.5000 | 51601.43 | 0.000 | 0.00e+00 | 0.00e+00 | 0.00e+00 | 0.0000 | 0.0000 |  0.875 |  0.000 | 10000000000.00 | 0.0000 | 0.171 | 3.8929 | 2521.21 | 4.45e-01 | 1.0e-02 |   gas
  1325 |  3.19e+00 |  5.69e+00 | 0.0000 | 0.5000 | 51601.43 | 0.000 | 0.00e+00 | 0.00e+00 | 0.00e+00 | 0.0003 | 0.0000 |  0.875 |  0.000 | 10000000000.00 | 0.0000 | 0.167 | 3.8973 | 2541.81 | 9.51e-01 | 1.0e-02 |   gas
  1350 |  3.21e+00 |  5.55e+00 | 0.0030 | 0.5000 | 61878.45 | 0.000 | 0.00e+00 | 0.00e+00 | 0.00e+00 | 0.0003 | 0.0000 |  0.875 |  0.000 | 10000000000.00 | 0.0000 | 0.164 | 3.9018 | 2549.36 | 1.00e+00 | 1.0e-02 |   gas
  1375 |  3.00e+00 |  6.25e+00 | 0.0030 | 0.5000 | 61878.45 | 0.000 | 0.00e+00 | 0.00e+00 | 0.00e+00 | 0.0002 | 0.0000 |  0.875 |  0.000 | 10000000000.00 | 0.0000 | 0.160 | 3.9031 | 2541.92 | 7.23e-01 | 1.0e-02 |   gas
  1400 |  2.88e+00 |  6.33e+00 | 0.0059 | 0.5000 | 62676.45 | 0.000 | 0.00e+00 | 0.00e+00 | 0.00e+00 | 0.0001 | 0.0000 |  0.875 |  0.000 | 10000000000.00 | 0.0000 | 0.159 | 3.9025 | 2534.29 | 5.04e-01 | 1.0e-02 |   gas
       LC=   -inf psi_sp=6.961 F=-142.9 alpha=0.69 hd_gate_sp=0.500 ff_gate_sp=1.000 hd_topo=0.0 ff_topo=0.0 cooper_n=0 gap_r=0.9999
  1425 |  2.91e+00 |  6.12e+00 | 0.0000 | 0.5000 | 62676.45 | 0.000 | 0.00e+00 | 0.00e+00 | 0.00e+00 | 0.0000 | 0.0000 |  0.875 |  0.000 | 10000000000.00 | 0.0000 | 0.157 | 3.8992 | 2526.92 | 4.62e-01 | 1.0e-02 |   gas
  1450 |  2.88e+00 |  6.48e+00 | 0.0000 | 0.5000 | 61392.88 | 0.000 | 0.00e+00 | 0.00e+00 | 0.00e+00 | 0.0000 | 0.0000 |  0.875 |  0.000 | 10000000000.00 | 0.0000 | 0.157 | 3.8951 | 2516.94 | 4.13e-01 | 1.0e-02 |   gas
  1475 |  2.80e+00 |  7.19e+00 | 0.0000 | 0.5000 | 61392.88 | 0.000 | 1.37e-03 | 0.00e+00 | 0.00e+00 | 0.0000 | 0.0000 |  0.875 |  0.000 | 5000006855.32 | 0.0000 | 0.160 | 3.8961 | 2503.71 | 4.31e-01 | 1.0e-02 |   gas
  1500 |  3.16e+00 |  5.40e+00 | 0.0030 | 0.4999 | 35686.93 | 0.000 | 0.00e+00 | 0.00e+00 | 0.00e+00 | 0.0000 | 0.0000 |  0.875 |  0.000 | 10000000000.00 | 0.0000 | 0.169 | 3.8975 | 2500.53 | 4.41e-01 | 1.0e-02 |   gas
  1525 |  2.96e+00 |  6.79e+00 | 0.0000 | 0.4999 | 35686.93 | 0.000 | 0.00e+00 | 0.00e+00 | 0.00e+00 | 0.0000 | 0.0000 |  0.875 |  0.000 | 10000000000.00 | 0.0000 | 0.184 | 3.8986 | 2492.35 | 4.17e-01 | 1.0e-02 |   gas
  1550 |  2.91e+00 |  7.17e+00 | 0.0000 | 0.5000 | 31711.19 | 0.000 | 0.00e+00 | 0.00e+00 | 0.00e+00 | 0.0000 | 0.0000 |  0.875 |  0.000 | 10000000000.00 | 0.0000 | 0.177 | 3.8904 | 2482.30 | 4.66e-01 | 1.0e-02 |   gas
  1575 |  2.87e+00 |  7.13e+00 | 0.0000 | 0.4999 | 31711.19 | 0.000 | 0.00e+00 | 0.00e+00 | 0.00e+00 | 0.0000 | 0.0000 |  0.875 |  0.000 | 10000000000.00 | 0.0000 | 0.146 | 3.8747 | 2472.93 | 4.56e-01 | 1.0e-02 |   gas
  1600 |  2.99e+00 |  6.44e+00 | 0.0030 | 0.5000 | 26688.45 | 0.000 | 9.07e-04 | 0.00e+00 | 0.00e+00 | 0.0001 | 0.0000 |  0.875 |  0.000 | 5000004898.09 | 0.0000 | 0.129 | 3.8519 | 2466.88 | 4.90e-01 | 1.0e-02 |   gas
       LC=   -inf psi_sp=6.764 F=-138.1 alpha=0.69 hd_gate_sp=0.500 ff_gate_sp=1.000 hd_topo=0.0 ff_topo=0.0 cooper_n=0 gap_r=0.9988
  1625 |  3.01e+00 |  6.16e+00 | 0.0030 | 0.4999 | 26688.45 | 0.000 | 0.00e+00 | 0.00e+00 | 0.00e+00 | 0.0001 | 0.0000 |  0.875 |  0.000 | 10000000000.00 | 0.0000 | 0.114 | 3.8416 | 2465.83 | 5.69e-01 | 1.0e-02 |   gas
  1650 |  2.97e+00 |  6.64e+00 | 0.0030 | 0.5000 | 26018.38 | 0.001 | 1.12e-02 | 0.00e+00 | 0.00e+00 | 0.0001 | 0.0000 |  0.875 |  0.001 | 5000000320.67 | 0.0000 | 0.114 | 3.8483 | 2461.04 | 5.73e-01 | 1.0e-02 |   gas
  1675 |  3.13e+00 |  5.66e+00 | 0.0030 | 0.5000 | 26018.38 | 0.000 | 1.02e-03 | 0.00e+00 | 0.00e+00 | 0.0001 | 0.0000 |  0.875 |  0.000 | 5000004842.39 | 0.0000 | 0.117 | 3.8405 | 2454.69 | 5.42e-01 | 1.0e-02 |   gas
  1700 |  3.29e+00 |  6.94e+00 | 0.0237 | 0.4999 | 28494.64 | 0.000 | 2.98e-03 | 0.00e+00 | 0.00e+00 | 0.0002 | 0.0000 |  0.875 |  0.000 | 5000008075.42 | 0.0000 | 0.116 | 3.8516 | 2457.03 | 8.40e-01 | 1.0e-02 |   gas
  1725 |  3.46e+00 |  3.97e+00 | 0.0118 | 0.5000 | 28494.64 | 0.000 | 0.00e+00 | 0.00e+00 | 0.00e+00 | 0.0000 | 0.0000 |  0.875 |  0.000 | 10000000000.00 | 0.0000 | 0.136 | 3.8890 | 2493.35 | 4.12e-01 | 1.0e-02 |   gas
  1750 |  3.66e+00 |  3.69e+00 | 0.0118 | 0.5000 | 33378.48 | 0.000 | 0.00e+00 | 0.00e+00 | 0.00e+00 | 0.0001 | 0.0000 |  0.875 |  0.000 | 10000000000.00 | 0.0000 | 0.156 | 3.9024 | 2503.12 | 6.75e-01 | 1.0e-02 |   gas
  1775 |  3.52e+00 |  3.68e+00 | 0.0089 | 0.5000 | 33378.48 | 0.000 | 0.00e+00 | 0.00e+00 | 0.00e+00 | 0.0000 | 0.0000 |  0.875 |  0.000 | 10000000000.00 | 0.0000 | 0.178 | 3.9160 | 2523.89 | 3.93e-01 | 1.0e-02 |   gas
  1800 |  3.42e+00 |  4.36e+00 | 0.0059 | 0.5000 | 28484.80 | 0.000 | 0.00e+00 | 0.00e+00 | 0.00e+00 | 0.0000 | 0.0000 |  0.875 |  0.000 | 10000000000.00 | 0.0000 | 0.181 | 3.9115 | 2513.61 | 4.45e-01 | 1.0e-02 |   gas
       LC=   -inf psi_sp=6.855 F=-136.5 alpha=0.69 hd_gate_sp=0.500 ff_gate_sp=1.000 hd_topo=0.0 ff_topo=0.0 cooper_n=0 gap_r=0.9999
  1825 |  3.38e+00 |  4.46e+00 | 0.0059 | 0.5000 | 28484.80 | 0.000 | 0.00e+00 | 0.00e+00 | 0.00e+00 | 0.0000 | 0.0000 |  0.875 |  0.000 | 10000000000.00 | 0.0000 | 0.173 | 3.9124 | 2520.79 | 4.46e-01 | 1.0e-02 |   gas
  1850 |  3.08e+00 |  5.80e+00 | 0.0000 | 0.4999 | 22115.49 | 0.000 | 0.00e+00 | 0.00e+00 | 0.00e+00 | 0.0000 | 0.0000 |  0.875 |  0.000 | 10000000000.00 | 0.0000 | 0.162 | 3.9120 | 2516.68 | 3.97e-01 | 1.0e-02 |   gas
  1875 |  2.88e+00 |  6.70e+00 | 0.0000 | 0.4999 | 22115.49 | 0.000 | 0.00e+00 | 0.00e+00 | 0.00e+00 | 0.0001 | 0.0000 |  0.875 |  0.000 | 10000000000.00 | 0.0000 | 0.162 | 3.9084 | 2508.91 | 5.23e-01 | 1.0e-02 |   gas
  1900 |  2.81e+00 |  7.04e+00 | 0.0000 | 0.4999 | 44147.57 | 0.000 | 0.00e+00 | 0.00e+00 | 0.00e+00 | 0.0001 | 0.0000 |  0.875 |  0.000 | 10000000000.00 | 0.0000 | 0.154 | 3.9065 | 2504.73 | 5.15e-01 | 1.0e-02 |   gas
  1925 |  3.45e+00 |  8.04e+00 | 0.0000 | 0.5000 | 44147.57 | 0.000 | 0.00e+00 | 0.00e+00 | 0.00e+00 | 0.0003 | 0.0000 |  0.875 |  0.000 | 10000000000.00 | 0.0000 | 0.131 | 3.8992 | 2499.08 | 1.00e+00 | 1.0e-02 |   gas
  1950 |  2.95e+00 |  6.16e+00 | 0.0000 | 0.5000 | 96708.75 | 0.000 | 0.00e+00 | 0.00e+00 | 0.00e+00 | 0.0001 | 0.0000 |  0.875 |  0.000 | 10000000000.00 | 0.0000 | 0.145 | 3.9129 | 2527.03 | 4.92e-01 | 1.0e-02 |   gas
  1975 |  2.71e+00 |  8.11e+00 | 0.0000 | 0.5000 | 96708.75 | 0.000 | 0.00e+00 | 0.00e+00 | 0.00e+00 | 0.0001 | 0.0000 |  0.875 |  0.000 | 10000000000.00 | 0.0000 | 0.150 | 3.9128 | 2525.57 | 7.14e-01 | 1.0e-02 |   gas
  2000 |  2.70e+00 |  7.80e+00 | 0.0059 | 0.4999 | 91697.59 | 0.000 | 0.00e+00 | 0.00e+00 | 0.00e+00 | 0.0001 | 0.0000 |  0.875 |  0.000 | 10000000000.00 | 0.0000 | 0.125 | 3.9088 | 2551.07 | 6.44e-01 | 1.0e-02 |   gas
       LC=   -inf psi_sp=6.854 F=-142.4 alpha=0.69 hd_gate_sp=0.500 ff_gate_sp=1.000 hd_topo=0.0 ff_topo=0.0 cooper_n=0 gap_r=0.9990
  2025 |  2.46e+00 |  9.34e+00 | 0.0000 | 0.4999 | 91697.59 | 0.000 | 0.00e+00 | 0.00e+00 | 0.00e+00 | 0.0001 | 0.0000 |  0.875 |  0.000 | 10000000000.00 | 0.0000 | 0.127 | 3.9145 | 2559.97 | 5.23e-01 | 1.0e-02 |   gas
  2050 |  2.58e+00 |  8.87e+00 | 0.0000 | 0.5000 | 85763.16 | 0.000 | 0.00e+00 | 0.00e+00 | 0.00e+00 | 0.0008 | 0.0000 |  0.875 |  0.000 | 10000000000.00 | 0.0000 | 0.122 | 3.9161 | 2574.03 | 1.00e+00 | 1.0e-02 |   gas
  2075 |  2.42e+00 |  9.99e+00 | 0.0000 | 0.5000 | 85763.16 | 0.000 | 1.93e-17 | 0.00e+00 | 0.00e+00 | 0.0001 | 0.0000 |  0.875 |  0.000 | 8757570361.35 | 0.0000 | 0.133 | 3.9235 | 2598.38 | 5.70e-01 | 1.0e-02 |   gas
  2100 |  2.42e+00 |  8.55e+00 | 0.0000 | 0.5000 | 137940.95 | 0.000 | 0.00e+00 | 0.00e+00 | 0.00e+00 | 0.0001 | 0.0000 |  0.875 |  0.000 | 10000000000.00 | 0.0000 | 0.130 | 3.9309 | 2637.73 | 5.42e-01 | 1.0e-02 |   gas
  2125 |  2.70e+00 |  7.90e+00 | 0.0000 | 0.5000 | 137940.95 | 0.000 | 0.00e+00 | 0.00e+00 | 0.00e+00 | 0.0003 | 0.0000 |  0.875 |  0.000 | 10000000000.00 | 0.0000 | 0.128 | 3.9355 | 2655.53 | 1.00e+00 | 1.0e-02 |   gas
  2150 |  2.08e+00 |  1.20e+01 | 0.0000 | 0.5000 | 119683.45 | 0.000 | 0.00e+00 | 0.00e+00 | 0.00e+00 | 0.0001 | 0.0000 |  0.875 |  0.000 | 10000000000.00 | 0.0000 | 0.132 | 3.9400 | 2679.67 | 5.49e-01 | 1.0e-02 |   gas
  2175 |  2.66e+00 |  6.48e+00 | 0.0059 | 0.5000 | 119683.45 | 0.000 | 0.00e+00 | 0.00e+00 | 0.00e+00 | 0.0003 | 0.0000 |  0.875 |  0.000 | 10000000000.00 | 0.0000 | 0.134 | 3.9380 | 2686.61 | 8.98e-01 | 1.0e-02 |   gas
  2200 |  2.27e+00 |  9.13e+00 | 0.0030 | 0.5000 | 78621.94 | 0.000 | 0.00e+00 | 0.00e+00 | 0.00e+00 | 0.0001 | 0.0000 |  0.875 |  0.000 | 10000000000.00 | 0.0000 | 0.137 | 3.9437 | 2693.04 | 6.28e-01 | 1.0e-02 |   gas
       LC=   -inf psi_sp=7.068 F=-156.0 alpha=0.69 hd_gate_sp=0.500 ff_gate_sp=1.000 hd_topo=0.0 ff_topo=0.0 cooper_n=0 gap_r=0.9994
  2225 |  2.13e+00 |  1.09e+01 | 0.0000 | 0.5000 | 78621.94 | 0.000 | 0.00e+00 | 0.00e+00 | 0.00e+00 | 0.0001 | 0.0000 |  0.875 |  0.000 | 10000000000.00 | 0.0000 | 0.146 | 3.9468 | 2695.21 | 7.25e-01 | 1.0e-02 |   gas
  2250 |  2.16e+00 |  1.04e+01 | 0.0030 | 0.5000 | 75420.19 | 0.000 | 0.00e+00 | 0.00e+00 | 0.00e+00 | 0.0001 | 0.0000 |  0.875 |  0.000 | 10000000000.00 | 0.0000 | 0.145 | 3.9500 | 2726.31 | 5.13e-01 | 1.0e-02 |   gas
  2275 |  2.36e+00 |  1.20e+01 | 0.0030 | 0.5000 | 75420.19 | 0.000 | 0.00e+00 | 0.00e+00 | 0.00e+00 | 0.0003 | 0.0000 |  0.875 |  0.000 | 10000000000.00 | 0.0000 | 0.132 | 3.9498 | 2733.55 | 7.85e-01 | 1.0e-02 |   gas
  2300 |  1.98e+00 |  1.26e+01 | 0.0000 | 0.5000 | 110074.35 | 0.000 | 0.00e+00 | 0.00e+00 | 0.00e+00 | 0.0001 | 0.0000 |  0.875 |  0.000 | 10000000000.00 | 0.0000 | 0.133 | 3.9515 | 2730.31 | 6.22e-01 | 1.0e-02 |   gas
  2325 |  1.87e+00 |  1.31e+01 | 0.0000 | 0.5000 | 110074.35 | 0.000 | 0.00e+00 | 0.00e+00 | 0.00e+00 | 0.0001 | 0.0000 |  0.875 |  0.000 | 10000000000.00 | 0.0000 | 0.128 | 3.9509 | 2729.86 | 6.03e-01 | 1.0e-02 |   gas
  2350 |  1.84e+00 |  1.36e+01 | 0.0000 | 0.5000 | 116574.12 | 0.000 | 0.00e+00 | 0.00e+00 | 0.00e+00 | 0.0001 | 0.0000 |  0.875 |  0.000 | 10000000000.00 | 0.0000 | 0.134 | 3.9520 | 2727.32 | 7.12e-01 | 1.0e-02 |   gas
  2375 |  1.77e+00 |  1.39e+01 | 0.0000 | 0.5000 | 116574.12 | 0.000 | 0.00e+00 | 0.00e+00 | 0.00e+00 | 0.0001 | 0.0000 |  0.875 |  0.000 | 10000000000.00 | 0.0000 | 0.128 | 3.9510 | 2730.21 | 5.27e-01 | 1.0e-02 |   gas
  2400 |  1.81e+00 |  1.43e+01 | 0.0000 | 0.5000 | 153972.73 | 0.000 | 0.00e+00 | 0.00e+00 | 0.00e+00 | 0.0002 | 0.0000 |  0.875 |  0.000 | 10000000000.00 | 0.0000 | 0.125 | 3.9527 | 2730.21 | 7.74e-01 | 1.0e-02 |   gas
       LC=   -inf psi_sp=7.298 F=-159.1 alpha=0.69 hd_gate_sp=0.500 ff_gate_sp=1.000 hd_topo=0.0 ff_topo=0.0 cooper_n=0 gap_r=0.9992
  2425 |  1.99e+00 |  1.51e+01 | 0.0030 | 0.5000 | 153972.73 | 0.000 | 0.00e+00 | 0.00e+00 | 0.00e+00 | 0.0003 | 0.0000 |  0.875 |  0.000 | 10000000000.00 | 0.0000 | 0.111 | 3.9492 | 2739.10 | 1.00e+00 | 1.0e-02 |   gas
  2450 |  2.17e+00 |  1.37e+01 | 0.0030 | 0.4999 | 209439.36 | 0.000 | 0.00e+00 | 0.00e+00 | 0.00e+00 | 0.0003 | 0.0000 |  0.875 |  0.000 | 10000000000.00 | 0.0000 | 0.110 | 3.9465 | 2742.60 | 1.00e+00 | 1.0e-02 |   gas
  2475 |  1.86e+00 |  1.19e+01 | 0.0030 | 0.5000 | 209439.36 | 0.000 | 0.00e+00 | 0.00e+00 | 0.00e+00 | 0.0002 | 0.0000 |  0.875 |  0.000 | 10000000000.00 | 0.0000 | 0.118 | 3.9525 | 2741.91 | 8.63e-01 | 1.0e-02 |   gas
  2500 |  1.71e+00 |  1.44e+01 | 0.0000 | 0.5000 | 191561.83 | 0.000 | 0.00e+00 | 0.00e+00 | 0.00e+00 | 0.0002 | 0.0000 |  0.875 |  0.000 | 10000000000.00 | 0.0000 | 0.111 | 3.9536 | 2745.23 | 7.69e-01 | 1.0e-02 |   gas
  2525 |  3.58e+00 |  3.82e+00 | 0.0059 | 0.4999 | 191561.83 | 0.000 | 2.57e-03 | 0.00e+00 | 0.00e+00 | 0.0003 | 0.0000 |  0.875 |  0.000 | 5000003945.63 | 0.0000 | 0.099 | 3.9461 | 2764.61 | 1.00e+00 | 1.0e-02 |   gas
  2550 |  2.98e+00 |  6.35e+00 | 0.0000 | 0.5000 | 152773.05 | 0.000 | 0.00e+00 | 0.00e+00 | 0.00e+00 | 0.0001 | 0.0000 |  0.875 |  0.000 | 10000000000.00 | 0.0000 | 0.128 | 3.9583 | 2774.63 | 5.08e-01 | 1.0e-02 |   gas
  2575 |  2.75e+00 |  7.47e+00 | 0.0000 | 0.4999 | 152773.05 | 0.000 | 0.00e+00 | 0.00e+00 | 0.00e+00 | 0.0001 | 0.0000 |  0.875 |  0.000 | 10000000000.00 | 0.0000 | 0.143 | 3.9608 | 2761.49 | 5.55e-01 | 1.0e-02 |   gas
  2600 |  2.51e+00 |  9.89e+00 | 0.0000 | 0.5000 | 77249.37 | 0.000 | 0.00e+00 | 0.00e+00 | 0.00e+00 | 0.0001 | 0.0000 |  0.875 |  0.000 | 10000000000.00 | 0.0000 | 0.144 | 3.9627 | 2751.30 | 5.87e-01 | 1.0e-02 |   gas
       LC=   -inf psi_sp=7.385 F=-159.4 alpha=0.69 hd_gate_sp=0.500 ff_gate_sp=1.000 hd_topo=0.0 ff_topo=0.0 cooper_n=0 gap_r=0.9997
  2625 |  2.58e+00 |  9.18e+00 | 0.0000 | 0.5000 | 77249.37 | 0.000 | 8.67e-03 | 0.00e+00 | 0.00e+00 | 0.0003 | 0.0000 |  0.875 |  0.000 | 5000005550.46 | 0.0000 | 0.115 | 3.9542 | 2754.88 | 9.03e-01 | 1.0e-02 |   gas
  2650 |  2.72e+00 |  1.02e+01 | 0.0000 | 0.4999 | 88636.89 | 0.000 | 0.00e+00 | 0.00e+00 | 0.00e+00 | 0.0001 | 0.0000 |  0.875 |  0.000 | 10000000000.00 | 0.0000 | 0.114 | 3.9602 | 2780.28 | 6.23e-01 | 1.0e-02 |   gas
  2675 |  2.52e+00 |  9.40e+00 | 0.0000 | 0.5000 | 88636.89 | 0.000 | 0.00e+00 | 0.00e+00 | 0.00e+00 | 0.0001 | 0.0000 |  0.875 |  0.000 | 10000000000.00 | 0.0000 | 0.119 | 3.9635 | 2790.22 | 5.65e-01 | 1.0e-02 |   gas
  2700 |  3.39e+00 |  5.40e+00 | 0.0059 | 0.5000 | 130057.98 | 0.000 | 2.58e-02 | 0.00e+00 | 0.00e+00 | 0.0003 | 0.0000 |  0.875 |  0.000 | 5000010647.58 | 0.0000 | 0.114 | 3.9542 | 2793.49 | 1.00e+00 | 1.0e-02 |   gas
  2725 |  2.75e+00 |  7.92e+00 | 0.0030 | 0.4999 | 130057.98 | 0.000 | 0.00e+00 | 0.00e+00 | 0.00e+00 | 0.0001 | 0.0000 |  0.875 |  0.000 | 10000000000.00 | 0.0000 | 0.124 | 3.9652 | 2790.09 | 4.84e-01 | 1.0e-02 |   gas
  2750 |  3.08e+00 |  5.81e+00 | 0.0000 | 0.5000 | 109469.94 | 0.000 | 0.00e+00 | 0.00e+00 | 0.00e+00 | 0.0001 | 0.0000 |  0.875 |  0.000 | 10000000000.00 | 0.0000 | 0.134 | 3.9687 | 2807.42 | 5.68e-01 | 1.0e-02 |   gas
  2775 |  2.96e+00 |  6.44e+00 | 0.0000 | 0.4999 | 109469.94 | -0.000 | 1.20e-13 | 0.00e+00 | 0.00e+00 | 0.0000 | 0.0000 |  0.875 | -0.000 | 4618542934.93 | 0.0000 | 0.148 | 3.9696 | 2798.27 | 4.74e-01 | 1.0e-02 |   gas
  2800 |  2.82e+00 |  7.44e+00 | 0.0000 | 0.5000 | 52807.25 | 0.000 | 0.00e+00 | 0.00e+00 | 0.00e+00 | 0.0000 | 0.0000 |  0.875 |  0.000 | 10000000000.00 | 0.0000 | 0.160 | 3.9698 | 2781.87 | 4.25e-01 | 1.0e-02 |   gas
       LC=   -inf psi_sp=7.657 F=-158.7 alpha=0.69 hd_gate_sp=0.500 ff_gate_sp=1.000 hd_topo=0.0 ff_topo=0.0 cooper_n=0 gap_r=0.9999
  2825 |  2.99e+00 |  6.37e+00 | 0.0000 | 0.4999 | 52807.25 | 0.000 | 0.00e+00 | 0.00e+00 | 0.00e+00 | 0.0001 | 0.0000 |  0.875 |  0.000 | 10000000000.00 | 0.0000 | 0.167 | 3.9683 | 2764.40 | 5.53e-01 | 1.0e-02 |   gas
  2850 |  2.94e+00 |  6.58e+00 | 0.0000 | 0.4999 | 44903.98 | 0.000 | 0.00e+00 | 0.00e+00 | 0.00e+00 | 0.0001 | 0.0000 |  0.875 |  0.000 | 10000000000.00 | 0.0000 | 0.168 | 3.9685 | 2744.93 | 6.14e-01 | 1.0e-02 |   gas
  2875 |  2.86e+00 |  8.01e+00 | 0.0000 | 0.5000 | 44903.98 | 0.000 | 0.00e+00 | 0.00e+00 | 0.00e+00 | 0.0001 | 0.0000 |  0.875 |  0.000 | 10000000000.00 | 0.0000 | 0.153 | 3.9689 | 2740.52 | 4.69e-01 | 1.0e-02 |   gas
  2900 |  2.96e+00 |  7.54e+00 | 0.0000 | 0.5000 | 41988.86 | 0.000 | 0.00e+00 | 0.00e+00 | 0.00e+00 | 0.0001 | 0.0000 |  0.875 |  0.000 | 10000000000.00 | 0.0000 | 0.152 | 3.9682 | 2725.75 | 6.96e-01 | 1.0e-02 |   gas
  2925 |  2.81e+00 |  6.78e+00 | 0.0000 | 0.5000 | 41988.86 | 0.000 | 0.00e+00 | 0.00e+00 | 0.00e+00 | 0.0001 | 0.0000 |  0.875 |  0.000 | 10000000000.00 | 0.0000 | 0.146 | 3.9685 | 2720.05 | 5.39e-01 | 1.0e-02 |   gas
  2950 |  2.86e+00 |  7.87e+00 | 0.0000 | 0.5000 | 42340.73 | 0.000 | 0.00e+00 | 0.00e+00 | 0.00e+00 | 0.0001 | 0.0000 |  0.875 |  0.000 | 10000000000.00 | 0.0000 | 0.130 | 3.9687 | 2720.97 | 7.11e-01 | 1.0e-02 |   gas
  2975 |  2.57e+00 |  8.93e+00 | 0.0000 | 0.5000 | 42340.73 | -0.000 | 1.63e-14 | 0.00e+00 | 0.00e+00 | 0.0001 | 0.0000 |  0.875 | -0.000 | 3834595374.55 | 0.0000 | 0.134 | 3.9687 | 2717.15 | 5.83e-01 | 1.0e-02 |   gas
  3000 |  4.32e+00 |  9.17e+00 | 0.0000 | 0.5000 | 41019.97 | 0.000 | 0.00e+00 | 0.00e+00 | 0.00e+00 | 0.0034 | 0.0000 |  0.875 |  0.000 | 10000000000.00 | 0.0000 | 0.141 | 3.9689 | 2712.09 | 1.00e+00 | 1.0e-02 |   gas
       LC=   -inf psi_sp=7.623 F=-170.3 alpha=0.69 hd_gate_sp=0.500 ff_gate_sp=1.000 hd_topo=0.0 ff_topo=0.0 cooper_n=0 gap_r=0.9998
  3025 |  2.54e+00 |  9.65e+00 | 0.0000 | 0.4998 | 41019.97 | 0.000 | 0.00e+00 | 0.00e+00 | 0.00e+00 | 0.0001 | 0.0000 |  0.875 |  0.000 | 10000000000.00 | 0.0000 | 0.149 | 3.9673 | 2704.72 | 4.78e-01 | 1.0e-02 |   gas
  3050 |  2.44e+00 |  1.06e+01 | 0.0000 | 0.4999 | 30690.69 | 0.000 | 9.86e-02 | 0.00e+00 | 0.00e+00 | 0.0001 | 0.0000 |  0.875 |  0.000 | 5000025107.07 | 0.0000 | 0.152 | 3.9688 | 2699.35 | 5.06e-01 | 1.0e-02 |   gas
  3075 |  3.14e+00 |  5.08e+00 | 0.0030 | 0.4999 | 30690.69 | 0.000 | 0.00e+00 | 0.00e+00 | 0.00e+00 | 0.0001 | 0.0000 |  0.875 |  0.000 | 10000000000.00 | 0.0000 | 0.139 | 3.9676 | 2700.33 | 6.94e-01 | 1.0e-02 |   gas
  3100 |  2.98e+00 |  6.35e+00 | 0.0000 | 0.4999 | 45018.54 | 0.000 | 0.00e+00 | 0.00e+00 | 0.00e+00 | 0.0001 | 0.0000 |  0.875 |  0.000 | 10000000000.00 | 0.0000 | 0.147 | 3.9697 | 2701.74 | 5.30e-01 | 1.0e-02 |   gas
  3125 |  2.93e+00 |  7.14e+00 | 0.0059 | 0.5000 | 45018.54 | 0.000 | 0.00e+00 | 0.00e+00 | 0.00e+00 | 0.0001 | 0.0000 |  0.875 |  0.000 | 10000000000.00 | 0.0000 | 0.148 | 3.9700 | 2702.90 | 5.01e-01 | 1.0e-02 |   gas
  3150 |  2.76e+00 |  7.52e+00 | 0.0059 | 0.5000 | 51981.04 | 0.000 | 0.00e+00 | 0.00e+00 | 0.00e+00 | 0.0001 | 0.0000 |  0.875 |  0.000 | 10000000000.00 | 0.0000 | 0.149 | 3.9727 | 2732.08 | 4.69e-01 | 1.0e-02 |   gas
  3175 |  2.87e+00 |  7.15e+00 | 0.0000 | 0.4999 | 51981.04 | 0.000 | 0.00e+00 | 0.00e+00 | 0.00e+00 | 0.0001 | 0.0000 |  0.875 |  0.000 | 10000000000.00 | 0.0000 | 0.139 | 3.9724 | 2737.70 | 6.82e-01 | 1.0e-02 |   gas
  3200 |  3.03e+00 |  5.57e+00 | 0.0030 | 0.4999 | 41699.27 | 0.000 | 0.00e+00 | 0.00e+00 | 0.00e+00 | 0.0001 | 0.0000 |  0.875 |  0.000 | 10000000000.00 | 0.0000 | 0.139 | 3.9729 | 2730.40 | 5.60e-01 | 1.0e-02 |   gas
       LC=   -inf psi_sp=7.722 F=-179.0 alpha=0.69 hd_gate_sp=0.500 ff_gate_sp=1.000 hd_topo=0.0 ff_topo=0.0 cooper_n=0 gap_r=0.9998
  3225 |  3.09e+00 |  5.97e+00 | 0.0030 | 0.4999 | 41699.27 | 0.000 | 0.00e+00 | 0.00e+00 | 0.00e+00 | 0.0000 | 0.0000 |  0.875 |  0.000 | 10000000000.00 | 0.0000 | 0.153 | 3.9738 | 2722.89 | 4.42e-01 | 1.0e-02 |   gas
  3250 |  3.10e+00 |  6.17e+00 | 0.0030 | 0.5000 | 55796.38 | 0.000 | 0.00e+00 | 0.00e+00 | 0.00e+00 | 0.0002 | 0.0000 |  0.875 |  0.000 | 10000000000.00 | 0.0000 | 0.144 | 3.9704 | 2725.25 | 8.20e-01 | 1.0e-02 |   gas
  3275 |  2.99e+00 |  6.50e+00 | 0.0059 | 0.4999 | 55796.38 | 0.000 | 0.00e+00 | 0.00e+00 | 0.00e+00 | 0.0003 | 0.0000 |  0.875 |  0.000 | 10000000000.00 | 0.0000 | 0.147 | 3.9753 | 2723.55 | 8.92e-01 | 1.0e-02 |   gas
  3300 |  2.92e+00 |  6.65e+00 | 0.0030 | 0.5000 | 51913.14 | 0.000 | 0.00e+00 | 0.00e+00 | 0.00e+00 | 0.0001 | 0.0000 |  0.875 |  0.000 | 10000000000.00 | 0.0000 | 0.152 | 3.9743 | 2713.18 | 5.00e-01 | 1.0e-02 |   gas
  3325 |  3.08e+00 |  5.61e+00 | 0.0030 | 0.4999 | 51913.14 | 0.000 | 0.00e+00 | 0.00e+00 | 0.00e+00 | 0.0001 | 0.0000 |  0.875 |  0.000 | 10000000000.00 | 0.0000 | 0.158 | 3.9744 | 2703.38 | 4.97e-01 | 1.0e-02 |   gas
  3350 |  3.87e+00 |  5.90e+00 | 0.0059 | 0.5000 | 37148.02 | -0.000 | 4.28e-14 | 0.00e+00 | 0.00e+00 | 0.0003 | 0.0000 |  0.875 | -0.000 | 3021295165.23 | 0.0000 | 0.153 | 3.9744 | 2696.95 | 9.22e-01 | 1.0e-02 |   gas
  3375 |  2.95e+00 |  6.65e+00 | 0.0030 | 0.4999 | 37148.02 | 0.000 | 0.00e+00 | 0.00e+00 | 0.00e+00 | 0.0000 | 0.0000 |  0.875 |  0.000 | 10000000000.00 | 0.0000 | 0.155 | 3.9746 | 2691.37 | 4.27e-01 | 1.0e-02 |   gas
  3400 |  3.21e+00 |  5.13e+00 | 0.0030 | 0.4999 | 28231.04 | 0.000 | 1.12e-02 | 0.00e+00 | 0.00e+00 | 0.0000 | 0.0000 |  0.875 |  0.000 | 5000003912.07 | 0.0000 | 0.159 | 3.9753 | 2714.71 | 4.14e-01 | 1.0e-02 |   gas
       LC=   -inf psi_sp=7.757 F=-164.6 alpha=0.69 hd_gate_sp=0.500 ff_gate_sp=1.000 hd_topo=0.0 ff_topo=0.0 cooper_n=0 gap_r=1.0000
  3425 |  3.20e+00 |  5.26e+00 | 0.0059 | 0.5000 | 28231.04 | 0.000 | 0.00e+00 | 0.00e+00 | 0.00e+00 | 0.0001 | 0.0000 |  0.875 |  0.000 | 10000000000.00 | 0.0000 | 0.160 | 3.9751 | 2719.72 | 5.22e-01 | 1.0e-02 |   gas
  3450 |  3.02e+00 |  6.64e+00 | 0.0000 | 0.5000 | 31344.65 | 0.000 | 0.00e+00 | 0.00e+00 | 0.00e+00 | 0.0001 | 0.0000 |  0.875 |  0.000 | 10000000000.00 | 0.0000 | 0.158 | 3.9766 | 2722.49 | 6.40e-01 | 1.0e-02 |   gas
  3475 |  3.10e+00 |  6.20e+00 | 0.0000 | 0.5000 | 31344.65 | 0.000 | 0.00e+00 | 0.00e+00 | 0.00e+00 | 0.0002 | 0.0000 |  0.875 |  0.000 | 10000000000.00 | 0.0000 | 0.145 | 3.9774 | 2732.46 | 7.22e-01 | 1.0e-02 |   gas
  3500 |  2.88e+00 |  7.10e+00 | 0.0000 | 0.5000 | 43226.53 | 0.000 | 0.00e+00 | 0.00e+00 | 0.00e+00 | 0.0001 | 0.0000 |  0.875 |  0.000 | 10000000000.00 | 0.0000 | 0.141 | 3.9763 | 2733.85 | 7.01e-01 | 1.0e-02 |   gas
  3525 |  3.43e+00 |  7.22e+00 | 0.0030 | 0.5000 | 43226.53 | 0.000 | 0.00e+00 | 0.00e+00 | 0.00e+00 | 0.0003 | 0.0000 |  0.875 |  0.000 | 10000000000.00 | 0.0000 | 0.147 | 3.9778 | 2729.99 | 1.00e+00 | 1.0e-02 |   gas
  3550 |  2.80e+00 |  7.39e+00 | 0.0030 | 0.5000 | 45965.83 | 0.000 | 0.00e+00 | 0.00e+00 | 0.00e+00 | 0.0001 | 0.0000 |  0.875 |  0.000 | 10000000000.00 | 0.0000 | 0.149 | 3.9762 | 2736.32 | 5.11e-01 | 1.0e-02 |   gas
  3575 |  2.82e+00 |  6.95e+00 | 0.0030 | 0.4999 | 45965.83 | 0.000 | 0.00e+00 | 0.00e+00 | 0.00e+00 | 0.0001 | 0.0000 |  0.875 |  0.000 | 10000000000.00 | 0.0000 | 0.147 | 3.9790 | 2733.70 | 5.53e-01 | 1.0e-02 |   gas
  3600 |  3.04e+00 |  6.38e+00 | 0.0089 | 0.5000 | 45787.87 | 0.000 | 0.00e+00 | 0.00e+00 | 0.00e+00 | 0.0001 | 0.0000 |  0.875 |  0.000 | 10000000000.00 | 0.0000 | 0.146 | 3.9773 | 2726.41 | 6.36e-01 | 1.0e-02 |   gas
       LC=   -inf psi_sp=7.900 F=-167.8 alpha=0.69 hd_gate_sp=0.500 ff_gate_sp=1.000 hd_topo=0.0 ff_topo=0.0 cooper_n=0 gap_r=1.0000
  3625 |  3.07e+00 |  5.93e+00 | 0.0089 | 0.4999 | 45787.87 | 0.000 | 0.00e+00 | 0.00e+00 | 0.00e+00 | 0.0001 | 0.0000 |  0.875 |  0.000 | 10000000000.00 | 0.0000 | 0.148 | 3.9778 | 2725.96 | 5.11e-01 | 1.0e-02 |   gas
  3650 |  2.95e+00 |  6.52e+00 | 0.0089 | 0.4999 | 50925.09 | 0.000 | 0.00e+00 | 0.00e+00 | 0.00e+00 | 0.0000 | 0.0000 |  0.875 |  0.000 | 10000000000.00 | 0.0000 | 0.148 | 3.9797 | 2723.29 | 4.44e-01 | 1.0e-02 |   gas
  3675 |  2.99e+00 |  7.13e+00 | 0.0089 | 0.5000 | 50925.09 | 0.000 | 0.00e+00 | 0.00e+00 | 0.00e+00 | 0.0001 | 0.0000 |  0.875 |  0.000 | 10000000000.00 | 0.0000 | 0.151 | 3.9794 | 2715.51 | 4.87e-01 | 1.0e-02 |   gas
  3700 |  2.76e+00 |  7.17e+00 | 0.0059 | 0.4999 | 45749.14 | 0.000 | 0.00e+00 | 0.00e+00 | 0.00e+00 | 0.0000 | 0.0000 |  0.875 |  0.000 | 10000000000.00 | 0.0000 | 0.154 | 3.9796 | 2707.30 | 4.70e-01 | 1.0e-02 |   gas
  3725 |  2.92e+00 |  6.25e+00 | 0.0089 | 0.5000 | 45749.14 | 0.000 | 0.00e+00 | 0.00e+00 | 0.00e+00 | 0.0001 | 0.0000 |  0.875 |  0.000 | 10000000000.00 | 0.0000 | 0.159 | 3.9781 | 2694.16 | 6.19e-01 | 1.0e-02 |   gas
  3750 |  2.72e+00 |  8.08e+00 | 0.0059 | 0.5000 | 56399.56 | 0.000 | 0.00e+00 | 0.00e+00 | 0.00e+00 | 0.0001 | 0.0000 |  0.875 |  0.000 | 10000000000.00 | 0.0000 | 0.162 | 3.9804 | 2693.69 | 5.21e-01 | 1.0e-02 |   gas
  3775 |  3.76e+00 |  3.61e+00 | 0.0207 | 0.5000 | 56399.56 | 0.000 | 0.00e+00 | 0.00e+00 | 0.00e+00 | 0.0002 | 0.0000 |  0.875 |  0.000 | 10000000000.00 | 0.0000 | 0.156 | 3.9769 | 2700.63 | 8.01e-01 | 1.0e-02 |   gas
  3800 |  3.35e+00 |  4.59e+00 | 0.0030 | 0.5000 | 76729.57 | 0.000 | 0.00e+00 | 0.00e+00 | 0.00e+00 | 0.0000 | 0.0000 |  0.875 |  0.000 | 10000000000.00 | 0.0000 | 0.159 | 3.9821 | 2716.50 | 4.29e-01 | 1.0e-02 |   gas
       LC=   -inf psi_sp=7.941 F=-159.8 alpha=0.69 hd_gate_sp=0.500 ff_gate_sp=1.000 hd_topo=0.0 ff_topo=0.0 cooper_n=0 gap_r=1.0000
  3825 |  3.25e+00 |  5.34e+00 | 0.0059 | 0.5000 | 76729.57 | 0.000 | 0.00e+00 | 0.00e+00 | 0.00e+00 | 0.0000 | 0.0000 |  0.875 |  0.000 | 10000000000.00 | 0.0000 | 0.164 | 3.9809 | 2705.55 | 4.42e-01 | 1.0e-02 |   gas
  3850 |  3.19e+00 |  5.87e+00 | 0.0030 | 0.4999 | 43856.09 | 0.000 | 0.00e+00 | 0.00e+00 | 0.00e+00 | 0.0001 | 0.0000 |  0.875 |  0.000 | 10000000000.00 | 0.0000 | 0.167 | 3.9813 | 2695.17 | 4.89e-01 | 1.0e-02 |   gas
  3875 |  3.13e+00 |  5.85e+00 | 0.0000 | 0.5000 | 43856.09 | 0.000 | 0.00e+00 | 0.00e+00 | 0.00e+00 | 0.0000 | 0.0000 |  0.875 |  0.000 | 10000000000.00 | 0.0000 | 0.164 | 3.9805 | 2689.55 | 4.20e-01 | 1.0e-02 |   gas
  3900 |  2.98e+00 |  6.79e+00 | 0.0000 | 0.4998 | 31861.73 | 0.000 | 0.00e+00 | 0.00e+00 | 0.00e+00 | 0.0001 | 0.0000 |  0.875 |  0.000 | 10000000000.00 | 0.0000 | 0.165 | 3.9815 | 2685.30 | 5.25e-01 | 1.0e-02 |   gas
  3925 |  3.13e+00 |  5.79e+00 | 0.0030 | 0.5000 | 31861.73 | 0.000 | 0.00e+00 | 0.00e+00 | 0.00e+00 | 0.0001 | 0.0000 |  0.875 |  0.000 | 10000000000.00 | 0.0000 | 0.166 | 3.9825 | 2720.15 | 5.99e-01 | 1.0e-02 |   gas
  3950 |  3.55e+00 |  4.06e+00 | 0.0059 | 0.5000 | 36245.59 | 0.000 | 0.00e+00 | 0.00e+00 | 0.00e+00 | 0.0003 | 0.0000 |  0.875 |  0.000 | 10000000000.00 | 0.0000 | 0.161 | 3.9793 | 2731.18 | 8.89e-01 | 1.0e-02 |   gas
  3975 |  3.14e+00 |  5.57e+00 | 0.0059 | 0.5000 | 36245.59 | 0.000 | 0.00e+00 | 0.00e+00 | 0.00e+00 | 0.0000 | 0.0000 |  0.875 |  0.000 | 10000000000.00 | 0.0000 | 0.159 | 3.9844 | 2745.86 | 4.26e-01 | 1.0e-02 |   gas
  4000 |  3.29e+00 |  5.99e+00 | 0.0030 | 0.5000 | 43643.06 | 0.000 | 0.00e+00 | 0.00e+00 | 0.00e+00 | 0.0003 | 0.0000 |  0.875 |  0.000 | 10000000000.00 | 0.0000 | 0.162 | 3.9826 | 2739.30 | 1.00e+00 | 1.0e-02 |   gas
       LC=   -inf psi_sp=8.049 F=-171.7 alpha=0.69 hd_gate_sp=0.500 ff_gate_sp=1.000 hd_topo=0.0 ff_topo=0.0 cooper_n=0 gap_r=1.0000
  4025 |  3.03e+00 |  6.66e+00 | 0.0000 | 0.5000 | 43643.06 | 0.000 | 0.00e+00 | 0.00e+00 | 0.00e+00 | 0.0002 | 0.0000 |  0.875 |  0.000 | 10000000000.00 | 0.0000 | 0.161 | 3.9832 | 2741.72 | 8.44e-01 | 1.0e-02 |   gas
  4050 |  2.89e+00 |  6.95e+00 | 0.0000 | 0.5000 | 56338.44 | 0.000 | 0.00e+00 | 0.00e+00 | 0.00e+00 | 0.0001 | 0.0000 |  0.875 |  0.000 | 10000000000.00 | 0.0000 | 0.157 | 3.9841 | 2739.24 | 5.45e-01 | 1.0e-02 |   gas
  4075 |  2.92e+00 |  5.69e+00 | 0.0030 | 0.4999 | 56338.44 | 0.000 | 0.00e+00 | 0.00e+00 | 0.00e+00 | 0.0001 | 0.0000 |  0.875 |  0.000 | 10000000000.00 | 0.0000 | 0.157 | 3.9835 | 2734.87 | 5.73e-01 | 1.0e-02 |   gas
  4100 |  2.71e+00 |  7.96e+00 | 0.0000 | 0.4999 | 52332.98 | 0.000 | 0.00e+00 | 0.00e+00 | 0.00e+00 | 0.0001 | 0.0000 |  0.875 |  0.000 | 10000000000.00 | 0.0000 | 0.163 | 3.9845 | 2737.29 | 5.68e-01 | 1.0e-02 |   gas
  4125 |  2.68e+00 |  8.31e+00 | 0.0000 | 0.5000 | 52332.98 | 0.000 | 0.00e+00 | 0.00e+00 | 0.00e+00 | 0.0001 | 0.0000 |  0.875 |  0.000 | 10000000000.00 | 0.0000 | 0.166 | 3.9842 | 2735.38 | 4.82e-01 | 1.0e-02 |   gas
  4150 |  2.67e+00 |  8.18e+00 | 0.0000 | 0.4999 | 46970.12 | 0.000 | 0.00e+00 | 0.00e+00 | 0.00e+00 | 0.0001 | 0.0000 |  0.875 |  0.000 | 10000000000.00 | 0.0000 | 0.163 | 3.9849 | 2740.52 | 5.31e-01 | 1.0e-02 |   gas
  4175 |  2.95e+00 |  7.98e+00 | 0.0000 | 0.5000 | 46970.12 | 0.000 | 0.00e+00 | 0.00e+00 | 0.00e+00 | 0.0002 | 0.0000 |  0.875 |  0.000 | 10000000000.00 | 0.0000 | 0.162 | 3.9852 | 2742.10 | 7.84e-01 | 1.0e-02 |   gas
  [CHECKPOINT] checkpoints_superconductor/latest.pt
  4200 |  2.80e+00 |  6.12e+00 | 0.0030 | 0.5000 | 57672.19 | 0.000 | 0.00e+00 | 0.00e+00 | 0.00e+00 | 0.0001 | 0.0000 |  0.875 |  0.000 | 10000000000.00 | 0.0000 | 0.162 | 3.9837 | 2740.25 | 6.32e-01 | 1.0e-02 |   gas
       LC=   -inf psi_sp=7.956 F=-176.5 alpha=0.69 hd_gate_sp=0.500 ff_gate_sp=1.000 hd_topo=0.0 ff_topo=0.0 cooper_n=0 gap_r=1.0000
  4225 |  2.72e+00 |  7.38e+00 | 0.0000 | 0.4999 | 57672.19 | 0.000 | 0.00e+00 | 0.00e+00 | 0.00e+00 | 0.0001 | 0.0000 |  0.875 |  0.000 | 10000000000.00 | 0.0000 | 0.161 | 3.9858 | 2739.54 | 7.14e-01 | 1.0e-02 |   gas
  4250 |  2.59e+00 |  8.38e+00 | 0.0000 | 0.5000 | 68315.60 | 0.000 | 0.00e+00 | 0.00e+00 | 0.00e+00 | 0.0001 | 0.0000 |  0.875 |  0.000 | 10000000000.00 | 0.0000 | 0.162 | 3.9841 | 2741.04 | 5.01e-01 | 1.0e-02 |   gas
  4275 |  2.66e+00 |  8.04e+00 | 0.0030 | 0.4999 | 68315.60 | 0.000 | 0.00e+00 | 0.00e+00 | 0.00e+00 | 0.0001 | 0.0000 |  0.875 |  0.000 | 10000000000.00 | 0.0000 | 0.164 | 3.9861 | 2736.93 | 5.10e-01 | 1.0e-02 |   gas
  4300 |  2.59e+00 |  7.37e+00 | 0.0000 | 0.4999 | 57360.58 | 0.000 | 0.00e+00 | 0.00e+00 | 0.00e+00 | 0.0001 | 0.0000 |  0.875 |  0.000 | 10000000000.00 | 0.0000 | 0.163 | 3.9857 | 2736.22 | 5.38e-01 | 1.0e-02 |   gas
  4325 |  2.76e+00 |  5.35e+00 | 0.0000 | 0.4999 | 57360.58 | 0.000 | 0.00e+00 | 0.00e+00 | 0.00e+00 | 0.0001 | 0.0000 |  0.875 |  0.000 | 10000000000.00 | 0.0000 | 0.156 | 3.9857 | 2728.84 | 5.24e-01 | 1.0e-02 |   gas
  4350 |  2.60e+00 |  6.94e+00 | 0.0000 | 0.4999 | 49901.34 | 0.000 | 0.00e+00 | 0.00e+00 | 0.00e+00 | 0.0002 | 0.0000 |  0.875 |  0.000 | 10000000000.00 | 0.0000 | 0.158 | 3.9845 | 2726.50 | 8.72e-01 | 1.0e-02 |   gas
  4375 |  3.69e+00 |  4.82e+00 | 0.0000 | 0.5000 | 49901.34 | 0.000 | 0.00e+00 | 0.00e+00 | 0.00e+00 | 0.0003 | 0.0000 |  0.875 |  0.000 | 10000000000.00 | 0.0000 | 0.157 | 3.9842 | 2733.87 | 9.65e-01 | 1.0e-02 |   gas
  4400 |  3.48e+00 |  3.99e+00 | 0.0118 | 0.5000 | 64715.05 | 0.000 | 0.00e+00 | 0.00e+00 | 0.00e+00 | 0.0001 | 0.0000 |  0.875 |  0.000 | 10000000000.00 | 0.0000 | 0.159 | 3.9884 | 2793.76 | 4.88e-01 | 1.0e-02 |   gas
       LC=   -inf psi_sp=8.087 F=-171.2 alpha=0.69 hd_gate_sp=0.500 ff_gate_sp=1.000 hd_topo=0.0 ff_topo=0.0 cooper_n=0 gap_r=1.0000
  4425 |  3.46e+00 |  5.10e+00 | 0.0059 | 0.5000 | 64715.05 | 0.000 | 0.00e+00 | 0.00e+00 | 0.00e+00 | 0.0001 | 0.0000 |  0.875 |  0.000 | 10000000000.00 | 0.0000 | 0.166 | 3.9875 | 2795.09 | 7.13e-01 | 1.0e-02 |   gas
  4450 |  2.90e+00 |  7.04e+00 | 0.0059 | 0.4999 | 44458.64 | -0.000 | 1.84e-09 | 0.00e+00 | 0.00e+00 | 0.0001 | 0.0000 |  0.875 | -0.000 | 4993663267.51 | 0.0000 | 0.163 | 3.9875 | 2788.03 | 5.48e-01 | 1.0e-02 |   gas
  4475 |  2.77e+00 |  7.93e+00 | 0.0000 | 0.5000 | 44458.64 | 0.000 | 0.00e+00 | 0.00e+00 | 0.00e+00 | 0.0001 | 0.0000 |  0.875 |  0.000 | 10000000000.00 | 0.0000 | 0.158 | 3.9875 | 2783.53 | 6.56e-01 | 1.0e-02 |   gas
  4500 |  3.28e+00 |  4.42e+00 | 0.0000 | 0.4999 | 47342.10 | 0.000 | 0.00e+00 | 0.00e+00 | 0.00e+00 | 0.0001 | 0.0000 |  0.875 |  0.000 | 10000000000.00 | 0.0000 | 0.155 | 3.9883 | 2818.42 | 5.02e-01 | 1.0e-02 |   gas
  4525 |  3.07e+00 |  5.36e+00 | 0.0000 | 0.5000 | 47342.10 | 0.000 | 0.00e+00 | 0.00e+00 | 0.00e+00 | 0.0001 | 0.0000 |  0.875 |  0.000 | 10000000000.00 | 0.0000 | 0.160 | 3.9882 | 2818.31 | 6.48e-01 | 1.0e-02 |   gas
  4550 |  2.92e+00 |  6.08e+00 | 0.0000 | 0.4999 | 43533.47 | 0.000 | 0.00e+00 | 0.00e+00 | 0.00e+00 | 0.0001 | 0.0000 |  0.875 |  0.000 | 10000000000.00 | 0.0000 | 0.156 | 3.9887 | 2809.02 | 4.81e-01 | 1.0e-02 |   gas
  4575 |  2.78e+00 |  7.08e+00 | 0.0000 | 0.4999 | 43533.47 | 0.000 | 0.00e+00 | 0.00e+00 | 0.00e+00 | 0.0000 | 0.0000 |  0.875 |  0.000 | 10000000000.00 | 0.0000 | 0.158 | 3.9886 | 2800.40 | 4.13e-01 | 1.0e-02 |   gas
  4600 |  2.93e+00 |  5.90e+00 | 0.0000 | 0.5000 | 39574.59 | 0.000 | 0.00e+00 | 0.00e+00 | 0.00e+00 | 0.0003 | 0.0000 |  0.875 |  0.000 | 10000000000.00 | 0.0000 | 0.155 | 3.9885 | 2791.36 | 1.00e+00 | 1.0e-02 |   gas
       LC=   -inf psi_sp=8.170 F=-173.3 alpha=0.69 hd_gate_sp=0.500 ff_gate_sp=1.000 hd_topo=0.0 ff_topo=0.0 cooper_n=0 gap_r=1.0000
  4625 |  2.82e+00 |  6.38e+00 | 0.0000 | 0.5000 | 39574.59 | 0.000 | 0.00e+00 | 0.00e+00 | 0.00e+00 | 0.0001 | 0.0000 |  0.875 |  0.000 | 10000000000.00 | 0.0000 | 0.146 | 3.9893 | 2792.18 | 5.39e-01 | 1.0e-02 |   gas
  4650 |  2.63e+00 |  8.04e+00 | 0.0000 | 0.5000 | 41650.92 | 0.000 | 0.00e+00 | 0.00e+00 | 0.00e+00 | 0.0000 | 0.0000 |  0.875 |  0.000 | 10000000000.00 | 0.0000 | 0.146 | 3.9891 | 2788.63 | 4.75e-01 | 1.0e-02 |   gas
  4675 |  2.67e+00 |  7.35e+00 | 0.0000 | 0.5000 | 41650.92 | 0.000 | 0.00e+00 | 0.00e+00 | 0.00e+00 | 0.0001 | 0.0000 |  0.875 |  0.000 | 10000000000.00 | 0.0000 | 0.152 | 3.9890 | 2782.65 | 5.33e-01 | 1.0e-02 |   gas
  4700 |  2.68e+00 |  7.33e+00 | 0.0000 | 0.4998 | 33795.85 | 0.000 | 0.00e+00 | 0.00e+00 | 0.00e+00 | 0.0002 | 0.0000 |  0.875 |  0.000 | 10000000000.00 | 0.0000 | 0.157 | 3.9890 | 2778.90 | 7.92e-01 | 1.0e-02 |   gas
  4725 |  2.84e+00 |  6.03e+00 | 0.0000 | 0.5000 | 33795.85 | 0.000 | 0.00e+00 | 0.00e+00 | 0.00e+00 | 0.0001 | 0.0000 |  0.875 |  0.000 | 10000000000.00 | 0.0000 | 0.155 | 3.9891 | 2775.03 | 6.05e-01 | 1.0e-02 |   gas
  4750 |  2.84e+00 |  7.65e+00 | 0.0000 | 0.5000 | 38124.60 | 0.000 | 2.08e-01 | 0.00e+00 | 0.00e+00 | 0.0001 | 0.0000 |  0.875 |  0.000 | 5000004754.86 | 0.0000 | 0.149 | 3.9894 | 2777.74 | 5.59e-01 | 1.0e-02 |   gas
  4775 |  2.70e+00 |  6.44e+00 | 0.0000 | 0.5000 | 38124.60 | 0.000 | 0.00e+00 | 0.00e+00 | 0.00e+00 | 0.0001 | 0.0000 |  0.875 |  0.000 | 10000000000.00 | 0.0000 | 0.155 | 3.9894 | 2776.47 | 5.64e-01 | 1.0e-02 |   gas
  4800 |  2.88e+00 |  5.46e+00 | 0.0000 | 0.4999 | 53445.21 | 0.000 | 0.00e+00 | 0.00e+00 | 0.00e+00 | 0.0001 | 0.0000 |  0.875 |  0.000 | 10000000000.00 | 0.0000 | 0.157 | 3.9890 | 2776.29 | 7.06e-01 | 1.0e-02 |   gas
       LC=   -inf psi_sp=8.148 F=-172.1 alpha=0.69 hd_gate_sp=0.500 ff_gate_sp=1.000 hd_topo=0.0 ff_topo=0.0 cooper_n=0 gap_r=1.0000
  4825 |  2.78e+00 |  6.31e+00 | 0.0000 | 0.4999 | 53445.21 | 0.000 | 0.00e+00 | 0.00e+00 | 0.00e+00 | 0.0001 | 0.0000 |  0.875 |  0.000 | 10000000000.00 | 0.0000 | 0.154 | 3.9896 | 2785.64 | 6.35e-01 | 1.0e-02 |   gas
  4850 |  3.05e+00 |  7.41e+00 | 0.0000 | 0.4999 | 60674.30 | 0.000 | 0.00e+00 | 0.00e+00 | 0.00e+00 | 0.0002 | 0.0000 |  0.875 |  0.000 | 10000000000.00 | 0.0000 | 0.152 | 3.9898 | 2788.68 | 8.46e-01 | 1.0e-02 |   gas
  4875 |  2.61e+00 |  7.61e+00 | 0.0000 | 0.4997 | 60674.30 | 0.000 | 0.00e+00 | 0.00e+00 | 0.00e+00 | 0.0001 | 0.0000 |  0.875 |  0.000 | 10000000000.00 | 0.0000 | 0.154 | 3.9898 | 2777.93 | 5.81e-01 | 1.0e-02 |   gas
  4900 |  2.64e+00 |  7.36e+00 | 0.0000 | 0.4998 | 54800.36 | 0.000 | 0.00e+00 | 0.00e+00 | 0.00e+00 | 0.0000 | 0.0000 |  0.875 |  0.000 | 10000000000.00 | 0.0000 | 0.156 | 3.9897 | 2771.92 | 4.71e-01 | 1.0e-02 |   gas
  4925 |  2.70e+00 |  7.84e+00 | 0.0000 | 0.4999 | 54800.36 | 0.000 | 0.00e+00 | 0.00e+00 | 0.00e+00 | 0.0001 | 0.0000 |  0.875 |  0.000 | 10000000000.00 | 0.0000 | 0.162 | 3.9899 | 2769.82 | 5.85e-01 | 1.0e-02 |   gas
  4950 |  2.74e+00 |  6.64e+00 | 0.0000 | 0.4998 | 46161.24 | 0.000 | 0.00e+00 | 0.00e+00 | 0.00e+00 | 0.0001 | 0.0000 |  0.875 |  0.000 | 10000000000.00 | 0.0000 | 0.161 | 3.9900 | 2765.72 | 4.95e-01 | 1.0e-02 |   gas
  4975 |  3.42e+00 |  3.97e+00 | 0.0089 | 0.4999 | 46161.24 | 0.000 | 0.00e+00 | 0.00e+00 | 0.00e+00 | 0.0001 | 0.0000 |  0.875 |  0.000 | 10000000000.00 | 0.0000 | 0.155 | 3.9906 | 2802.16 | 4.88e-01 | 1.0e-02 |   gas
  5000 |  3.23e+00 |  4.84e+00 | 0.0059 | 0.5000 | 48150.94 | 0.000 | 0.00e+00 | 0.00e+00 | 0.00e+00 | 0.0001 | 0.0000 |  0.875 |  0.000 | 10000000000.00 | 0.0000 | 0.158 | 3.9906 | 2806.12 | 6.36e-01 | 1.0e-02 |   gas
       LC=   -inf psi_sp=8.211 F=-168.1 alpha=0.69 hd_gate_sp=0.500 ff_gate_sp=1.000 hd_topo=0.0 ff_topo=0.0 cooper_n=0 gap_r=1.0000
  5025 |  3.35e+00 |  6.15e+00 | 0.0059 | 0.4999 | 48150.94 | 0.000 | 0.00e+00 | 0.00e+00 | 0.00e+00 | 0.0001 | 0.0000 |  0.875 |  0.000 | 10000000000.00 | 0.0000 | 0.160 | 3.9903 | 2818.47 | 6.29e-01 | 1.0e-02 |   gas
  5050 |  2.96e+00 |  6.51e+00 | 0.0000 | 0.5000 | 46219.91 | 0.000 | 0.00e+00 | 0.00e+00 | 0.00e+00 | 0.0001 | 0.0000 |  0.875 |  0.000 | 10000000000.00 | 0.0000 | 0.160 | 3.9907 | 2824.98 | 7.03e-01 | 1.0e-02 |   gas
  5075 |  3.30e+00 |  4.99e+00 | 0.0059 | 0.5000 | 46219.91 | 0.000 | 0.00e+00 | 0.00e+00 | 0.00e+00 | 0.0001 | 0.0000 |  0.875 |  0.000 | 10000000000.00 | 0.0000 | 0.150 | 3.9901 | 2841.68 | 5.97e-01 | 1.0e-02 |   gas
  5100 |  3.01e+00 |  6.49e+00 | 0.0030 | 0.4999 | 54965.96 | 0.000 | 0.00e+00 | 0.00e+00 | 0.00e+00 | 0.0001 | 0.0000 |  0.875 |  0.000 | 10000000000.00 | 0.0000 | 0.148 | 3.9916 | 2852.75 | 4.78e-01 | 1.0e-02 |   gas
  5125 |  3.08e+00 |  6.18e+00 | 0.0000 | 0.5000 | 54965.96 | 0.000 | 0.00e+00 | 0.00e+00 | 0.00e+00 | 0.0001 | 0.0000 |  0.875 |  0.000 | 10000000000.00 | 0.0000 | 0.146 | 3.9931 | 2900.88 | 5.15e-01 | 1.0e-02 |   gas
  5150 |  2.89e+00 |  6.36e+00 | 0.0089 | 0.5000 | 58326.43 | 0.000 | 0.00e+00 | 0.00e+00 | 0.00e+00 | 0.0001 | 0.0000 |  0.875 |  0.000 | 10000000000.00 | 0.0000 | 0.151 | 3.9928 | 2924.53 | 5.52e-01 | 1.0e-02 |   gas
  5175 |  2.65e+00 |  8.04e+00 | 0.0030 | 0.5000 | 58326.43 | 0.000 | 0.00e+00 | 0.00e+00 | 0.00e+00 | 0.0001 | 0.0000 |  0.875 |  0.000 | 10000000000.00 | 0.0000 | 0.154 | 3.9926 | 2938.09 | 5.74e-01 | 1.0e-02 |   gas
  5200 |  2.61e+00 |  7.91e+00 | 0.0030 | 0.5000 | 61088.81 | 0.000 | 0.00e+00 | 0.00e+00 | 0.00e+00 | 0.0002 | 0.0000 |  0.875 |  0.000 | 10000000000.00 | 0.0000 | 0.150 | 3.9926 | 2934.21 | 7.56e-01 | 1.0e-02 |   gas
       LC=   -inf psi_sp=8.550 F=-177.7 alpha=0.69 hd_gate_sp=0.500 ff_gate_sp=1.000 hd_topo=0.0 ff_topo=0.0 cooper_n=0 gap_r=1.0000
  5225 |  2.58e+00 |  9.44e+00 | 0.0059 | 0.4999 | 61088.81 | 0.000 | 0.00e+00 | 0.00e+00 | 0.00e+00 | 0.0002 | 0.0000 |  0.875 |  0.000 | 10000000000.00 | 0.0000 | 0.154 | 3.9927 | 2929.01 | 7.47e-01 | 1.0e-02 |   gas
  5250 |  2.48e+00 |  9.32e+00 | 0.0030 | 0.4999 | 58243.75 | 0.000 | 0.00e+00 | 0.00e+00 | 0.00e+00 | 0.0001 | 0.0000 |  0.875 |  0.000 | 10000000000.00 | 0.0000 | 0.146 | 3.9932 | 2952.28 | 6.66e-01 | 1.0e-02 |   gas
  5275 |  2.50e+00 |  9.23e+00 | 0.0030 | 0.5000 | 58243.75 | 0.000 | 0.00e+00 | 0.00e+00 | 0.00e+00 | 0.0002 | 0.0000 |  0.875 |  0.000 | 10000000000.00 | 0.0000 | 0.143 | 3.9928 | 2967.95 | 7.79e-01 | 1.0e-02 |   gas
  5300 |  2.45e+00 |  9.81e+00 | 0.0000 | 0.5000 | 82469.85 | 0.000 | 0.00e+00 | 0.00e+00 | 0.00e+00 | 0.0002 | 0.0000 |  0.875 |  0.000 | 10000000000.00 | 0.0000 | 0.136 | 3.9945 | 3000.65 | 7.49e-01 | 1.0e-02 |   gas
  5325 |  2.33e+00 |  9.69e+00 | 0.0030 | 0.4999 | 82469.85 | 0.000 | 0.00e+00 | 0.00e+00 | 0.00e+00 | 0.0001 | 0.0000 |  0.875 |  0.000 | 10000000000.00 | 0.0000 | 0.139 | 3.9947 | 3004.69 | 4.99e-01 | 1.0e-02 |   gas
  5350 |  2.32e+00 |  9.94e+00 | 0.0030 | 0.5000 | 100484.65 | 0.000 | 0.00e+00 | 0.00e+00 | 0.00e+00 | 0.0001 | 0.0000 |  0.875 |  0.000 | 10000000000.00 | 0.0000 | 0.143 | 3.9942 | 3000.07 | 5.54e-01 | 1.0e-02 |   gas
  5375 |  2.32e+00 |  9.03e+00 | 0.0000 | 0.5000 | 100484.65 | 0.000 | 0.00e+00 | 0.00e+00 | 0.00e+00 | 0.0001 | 0.0000 |  0.875 |  0.000 | 10000000000.00 | 0.0000 | 0.149 | 3.9938 | 2995.55 | 6.95e-01 | 1.0e-02 |   gas
  5400 |  2.36e+00 |  1.03e+01 | 0.0000 | 0.4999 | 74976.49 | 0.000 | 0.00e+00 | 0.00e+00 | 0.00e+00 | 0.0001 | 0.0000 |  0.875 |  0.000 | 10000000000.00 | 0.0000 | 0.155 | 3.9941 | 2985.39 | 5.33e-01 | 1.0e-02 |   gas
       LC=   -inf psi_sp=8.845 F=-202.7 alpha=0.69 hd_gate_sp=0.500 ff_gate_sp=1.000 hd_topo=0.0 ff_topo=0.0 cooper_n=0 gap_r=1.0000
  5425 |  2.37e+00 |  9.01e+00 | 0.0000 | 0.4999 | 74976.49 | 0.000 | 0.00e+00 | 0.00e+00 | 0.00e+00 | 0.0002 | 0.0000 |  0.875 |  0.000 | 10000000000.00 | 0.0000 | 0.156 | 3.9925 | 2974.88 | 8.83e-01 | 1.0e-02 |   gas
  5450 |  2.27e+00 |  9.76e+00 | 0.0000 | 0.4999 | 89159.76 | 0.000 | 0.00e+00 | 0.00e+00 | 0.00e+00 | 0.0001 | 0.0000 |  0.875 |  0.000 | 10000000000.00 | 0.0000 | 0.159 | 3.9934 | 2971.95 | 5.72e-01 | 1.0e-02 |   gas
  5475 |  2.27e+00 |  1.18e+01 | 0.0030 | 0.5000 | 89159.76 | 0.000 | 0.00e+00 | 0.00e+00 | 0.00e+00 | 0.0001 | 0.0000 |  0.875 |  0.000 | 10000000000.00 | 0.0000 | 0.150 | 3.9940 | 2968.24 | 6.80e-01 | 1.0e-02 |   gas
  5500 |  2.25e+00 |  9.70e+00 | 0.0000 | 0.5000 | 115499.73 | 0.000 | 0.00e+00 | 0.00e+00 | 0.00e+00 | 0.0001 | 0.0000 |  0.875 |  0.000 | 10000000000.00 | 0.0000 | 0.139 | 3.9949 | 2997.89 | 7.03e-01 | 1.0e-02 |   gas
  5525 |  2.40e+00 |  9.71e+00 | 0.0059 | 0.5000 | 115499.73 | 0.000 | 0.00e+00 | 0.00e+00 | 0.00e+00 | 0.0003 | 0.0000 |  0.875 |  0.000 | 10000000000.00 | 0.0000 | 0.145 | 3.9949 | 3005.45 | 1.00e+00 | 1.0e-02 |   gas
  5550 |  2.25e+00 |  1.17e+01 | 0.0000 | 0.5000 | 92420.73 | 0.000 | 0.00e+00 | 0.00e+00 | 0.00e+00 | 0.0001 | 0.0000 |  0.875 |  0.000 | 10000000000.00 | 0.0000 | 0.148 | 3.9946 | 3002.65 | 6.88e-01 | 1.0e-02 |   gas
  5575 |  2.20e+00 |  9.69e+00 | 0.0030 | 0.5000 | 92420.73 | 0.000 | 0.00e+00 | 0.00e+00 | 0.00e+00 | 0.0001 | 0.0000 |  0.875 |  0.000 | 10000000000.00 | 0.0000 | 0.149 | 3.9944 | 2999.36 | 5.43e-01 | 1.0e-02 |   gas
  5600 |  2.05e+00 |  1.18e+01 | 0.0000 | 0.5000 | 84444.84 | 0.000 | 0.00e+00 | 0.00e+00 | 0.00e+00 | 0.0001 | 0.0000 |  0.875 |  0.000 | 10000000000.00 | 0.0000 | 0.151 | 3.9946 | 2995.25 | 6.53e-01 | 1.0e-02 |   gas
       LC=   -inf psi_sp=8.896 F=-218.1 alpha=0.69 hd_gate_sp=0.500 ff_gate_sp=1.000 hd_topo=0.0 ff_topo=0.0 cooper_n=0 gap_r=1.0000
  5625 |  1.96e+00 |  1.26e+01 | 0.0059 | 0.5000 | 84444.84 | 0.000 | 0.00e+00 | 0.00e+00 | 0.00e+00 | 0.0001 | 0.0000 |  0.875 |  0.000 | 10000000000.00 | 0.0000 | 0.152 | 3.9948 | 2996.46 | 5.97e-01 | 1.0e-02 |   gas
  5650 |  1.91e+00 |  1.26e+01 | 0.0059 | 0.5000 | 95242.13 | 0.000 | 0.00e+00 | 0.00e+00 | 0.00e+00 | 0.0001 | 0.0000 |  0.875 |  0.000 | 10000000000.00 | 0.0000 | 0.154 | 3.9947 | 2997.92 | 6.94e-01 | 1.0e-02 |   gas
  5675 |  2.10e+00 |  9.53e+00 | 0.0089 | 0.5000 | 95242.13 | 0.000 | 0.00e+00 | 0.00e+00 | 0.00e+00 | 0.0002 | 0.0000 |  0.875 |  0.000 | 10000000000.00 | 0.0000 | 0.156 | 3.9958 | 2991.06 | 8.48e-01 | 1.0e-02 |   gas
  5700 |  1.96e+00 |  1.31e+01 | 0.0089 | 0.4998 | 105810.55 | 0.000 | 0.00e+00 | 0.00e+00 | 0.00e+00 | 0.0001 | 0.0000 |  0.875 |  0.000 | 10000000000.00 | 0.0000 | 0.153 | 3.9951 | 2993.21 | 6.35e-01 | 1.0e-02 |   gas
  5725 |  2.04e+00 |  1.27e+01 | 0.0148 | 0.4999 | 105810.55 | 0.000 | 0.00e+00 | 0.00e+00 | 0.00e+00 | 0.0001 | 0.0000 |  0.875 |  0.000 | 10000000000.00 | 0.0000 | 0.153 | 3.9950 | 2997.66 | 5.36e-01 | 1.0e-02 |   gas
  5750 |  1.93e+00 |  1.25e+01 | 0.0059 | 0.5000 | 121672.31 | 0.000 | 3.29e-01 | 0.00e+00 | 0.00e+00 | 0.0001 | 0.0000 |  0.875 |  0.000 | 5000003962.65 | 0.0000 | 0.147 | 3.9951 | 3001.13 | 6.71e-01 | 1.0e-02 |   gas
  5775 |  1.83e+00 |  1.19e+01 | 0.0059 | 0.5000 | 121672.31 | 0.000 | 0.00e+00 | 0.00e+00 | 0.00e+00 | 0.0001 | 0.0000 |  0.875 |  0.000 | 10000000000.00 | 0.0000 | 0.146 | 3.9953 | 3005.76 | 7.04e-01 | 1.0e-02 |   gas
  5800 |  1.93e+00 |  1.11e+01 | 0.0030 | 0.4999 | 113058.42 | 0.000 | 0.00e+00 | 0.00e+00 | 0.00e+00 | 0.0001 | 0.0000 |  0.875 |  0.000 | 10000000000.00 | 0.0000 | 0.145 | 3.9958 | 3006.99 | 6.17e-01 | 1.0e-02 |   gas
       LC=   -inf psi_sp=9.068 F=-198.2 alpha=0.69 hd_gate_sp=0.500 ff_gate_sp=1.000 hd_topo=0.0 ff_topo=0.0 cooper_n=0 gap_r=1.0000
  5825 |  2.06e+00 |  1.17e+01 | 0.0030 | 0.5000 | 113058.42 | 0.000 | 0.00e+00 | 0.00e+00 | 0.00e+00 | 0.0003 | 0.0000 |  0.875 |  0.000 | 10000000000.00 | 0.0000 | 0.148 | 3.9951 | 3008.05 | 9.17e-01 | 1.0e-02 |   gas
  5850 |  1.94e+00 |  1.04e+01 | 0.0059 | 0.4999 | 98538.88 | 0.000 | 0.00e+00 | 0.00e+00 | 0.00e+00 | 0.0001 | 0.0000 |  0.875 |  0.000 | 10000000000.00 | 0.0000 | 0.144 | 3.9958 | 3010.28 | 7.08e-01 | 1.0e-02 |   gas
  5875 |  1.78e+00 |  1.08e+01 | 0.0148 | 0.4999 | 98538.88 | 0.000 | 0.00e+00 | 0.00e+00 | 0.00e+00 | 0.0001 | 0.0000 |  0.875 |  0.000 | 10000000000.00 | 0.0000 | 0.146 | 3.9956 | 3008.05 | 5.51e-01 | 1.0e-02 |   gas
  5900 |  1.77e+00 |  1.33e+01 | 0.0059 | 0.5000 | 114794.29 | 0.000 | 0.00e+00 | 0.00e+00 | 0.00e+00 | 0.0002 | 0.0000 |  0.875 |  0.000 | 10000000000.00 | 0.0000 | 0.147 | 3.9950 | 3009.15 | 7.53e-01 | 1.0e-02 |   gas
  5925 |  1.74e+00 |  1.18e+01 | 0.0059 | 0.5000 | 114794.29 | 0.000 | 0.00e+00 | 0.00e+00 | 0.00e+00 | 0.0002 | 0.0000 |  0.875 |  0.000 | 10000000000.00 | 0.0000 | 0.150 | 3.9953 | 3011.46 | 7.26e-01 | 1.0e-02 |   gas
  5950 |  4.65e+00 |  1.14e+01 | 0.0089 | 0.5000 | 123016.13 | 0.000 | 0.00e+00 | 0.00e+00 | 0.00e+00 | 0.0003 | 0.0000 |  0.875 |  0.000 | 10000000000.00 | 0.0000 | 0.147 | 3.9953 | 3013.61 | 1.00e+00 | 1.0e-02 |   gas
  5975 |  1.84e+00 |  1.06e+01 | 0.0059 | 0.5000 | 123016.13 | 0.000 | 0.00e+00 | 0.00e+00 | 0.00e+00 | 0.0001 | 0.0000 |  0.875 |  0.000 | 10000000000.00 | 0.0000 | 0.150 | 3.9954 | 3014.53 | 6.72e-01 | 1.0e-02 |   gas
  6000 |  1.82e+00 |  1.22e+01 | 0.0178 | 0.5000 | 108677.34 | 0.000 | 0.00e+00 | 0.00e+00 | 0.00e+00 | 0.0002 | 0.0000 |  0.875 |  0.000 | 10000000000.00 | 0.0000 | 0.151 | 3.9956 | 3016.51 | 8.24e-01 | 1.0e-02 |   gas
       LC=   -inf psi_sp=9.056 F=-204.1 alpha=0.69 hd_gate_sp=0.500 ff_gate_sp=1.000 hd_topo=0.0 ff_topo=0.0 cooper_n=0 gap_r=1.0000
  6025 |  1.91e+00 |  1.21e+01 | 0.0089 | 0.5000 | 108677.34 | 0.000 | 0.00e+00 | 0.00e+00 | 0.00e+00 | 0.0002 | 0.0000 |  0.875 |  0.000 | 10000000000.00 | 0.0000 | 0.140 | 3.9955 | 3037.74 | 7.46e-01 | 1.0e-02 |   gas
  6050 |  2.32e+00 |  1.35e+01 | 0.0148 | 0.5000 | 99513.77 | 0.000 | 2.76e+00 | 0.00e+00 | 0.00e+00 | 0.0003 | 0.0000 |  0.875 |  0.000 | 5000000557.39 | 0.0000 | 0.136 | 3.9958 | 3120.19 | 1.00e+00 | 1.0e-02 |   gas
  6075 |  2.21e+00 |  9.65e+00 | 0.0148 | 0.4999 | 99513.77 | 0.000 | 0.00e+00 | 0.00e+00 | 0.00e+00 | 0.0003 | 0.0000 |  0.875 |  0.000 | 10000000000.00 | 0.0000 | 0.139 | 3.9964 | 3148.12 | 1.00e+00 | 1.0e-02 |   gas
  6100 |  1.84e+00 |  1.35e+01 | 0.0089 | 0.5000 | 97542.12 | 0.000 | 0.00e+00 | 0.00e+00 | 0.00e+00 | 0.0002 | 0.0000 |  0.875 |  0.000 | 10000000000.00 | 0.0000 | 0.141 | 3.9976 | 3167.35 | 7.91e-01 | 1.0e-02 |   gas
  6125 |  2.05e+00 |  8.86e+00 | 0.0059 | 0.4999 | 97542.12 | 0.000 | 0.00e+00 | 0.00e+00 | 0.00e+00 | 0.0003 | 0.0000 |  0.875 |  0.000 | 10000000000.00 | 0.0000 | 0.143 | 3.9969 | 3165.12 | 9.32e-01 | 1.0e-02 |   gas
  6150 |  1.63e+00 |  1.27e+01 | 0.0089 | 0.4999 | 83371.92 | 0.000 | 0.00e+00 | 0.00e+00 | 0.00e+00 | 0.0001 | 0.0000 |  0.875 |  0.000 | 10000000000.00 | 0.0000 | 0.145 | 3.9970 | 3159.15 | 5.26e-01 | 1.0e-02 |   gas
  6175 |  1.82e+00 |  1.02e+01 | 0.0118 | 0.4999 | 83371.92 | 0.000 | 0.00e+00 | 0.00e+00 | 0.00e+00 | 0.0002 | 0.0000 |  0.875 |  0.000 | 10000000000.00 | 0.0000 | 0.145 | 3.9964 | 3139.42 | 8.45e-01 | 1.0e-02 |   gas
  6200 |  1.67e+00 |  1.28e+01 | 0.0059 | 0.5000 | 68140.02 | -0.000 | 3.12e-07 | 0.00e+00 | 0.00e+00 | 0.0001 | 0.0000 |  0.875 | -0.000 | 4998153838.56 | 0.0000 | 0.143 | 3.9973 | 3170.14 | 6.00e-01 | 1.0e-02 |   gas
       LC=   -inf psi_sp=9.523 F=-218.3 alpha=0.69 hd_gate_sp=0.500 ff_gate_sp=1.000 hd_topo=0.0 ff_topo=0.0 cooper_n=0 gap_r=1.0000
  6225 |  2.26e+00 |  9.97e+00 | 0.0118 | 0.5000 | 68140.02 | 0.000 | 0.00e+00 | 0.00e+00 | 0.00e+00 | 0.0003 | 0.0000 |  0.875 |  0.000 | 10000000000.00 | 0.0000 | 0.143 | 3.9962 | 3162.29 | 1.00e+00 | 1.0e-02 |   gas
  6250 |  1.55e+00 |  1.36e+01 | 0.0178 | 0.4999 | 100070.05 | 0.000 | 0.00e+00 | 0.00e+00 | 0.00e+00 | 0.0030 | 0.0000 |  0.875 |  0.000 | 10000000000.00 | 0.0000 | 0.143 | 3.9974 | 3164.42 | 8.70e-01 | 1.0e-02 |   gas
  6275 |  1.53e+00 |  1.34e+01 | 0.0089 | 0.5000 | 100070.05 | 0.000 | 0.00e+00 | 0.00e+00 | 0.00e+00 | 0.0001 | 0.0000 |  0.875 |  0.000 | 10000000000.00 | 0.0000 | 0.145 | 3.9972 | 3158.64 | 4.99e-01 | 1.0e-02 |   gas
  6300 |  1.58e+00 |  1.40e+01 | 0.0148 | 0.5000 | 136385.91 | 0.000 | 0.00e+00 | 0.00e+00 | 0.00e+00 | 0.0003 | 0.0000 |  0.875 |  0.000 | 10000000000.00 | 0.0000 | 0.147 | 3.9970 | 3157.90 | 9.56e-01 | 1.0e-02 |   gas
  6325 |  1.62e+00 |  1.20e+01 | 0.0148 | 0.5000 | 136385.91 | 0.000 | 0.00e+00 | 0.00e+00 | 0.00e+00 | 0.0002 | 0.0000 |  0.875 |  0.000 | 10000000000.00 | 0.0000 | 0.148 | 3.9973 | 3163.13 | 8.28e-01 | 1.0e-02 |   gas
  6350 |  3.04e+00 |  5.82e+00 | 0.0118 | 0.5000 | 141214.12 | 0.000 | 0.00e+00 | 0.00e+00 | 0.00e+00 | 0.0003 | 0.0000 |  0.875 |  0.000 | 10000000000.00 | 0.0000 | 0.144 | 3.9974 | 3190.43 | 1.00e+00 | 1.0e-02 |   gas
  6375 |  2.67e+00 |  6.49e+00 | 0.0059 | 0.5000 | 141214.12 | 0.000 | 0.00e+00 | 0.00e+00 | 0.00e+00 | 0.0003 | 0.0000 |  0.875 |  0.000 | 10000000000.00 | 0.0000 | 0.145 | 3.9972 | 3189.78 | 1.00e+00 | 1.0e-02 |   gas
  6400 |  2.43e+00 |  8.73e+00 | 0.0059 | 0.5000 | 163381.88 | 0.000 | 0.00e+00 | 0.00e+00 | 0.00e+00 | 0.0001 | 0.0000 |  0.875 |  0.000 | 10000000000.00 | 0.0000 | 0.146 | 3.9973 | 3172.43 | 5.28e-01 | 1.0e-02 |   gas
       LC=   -inf psi_sp=9.524 F=-213.1 alpha=0.69 hd_gate_sp=0.500 ff_gate_sp=1.000 hd_topo=0.0 ff_topo=0.0 cooper_n=0 gap_r=1.0000
  6425 |  2.50e+00 |  7.61e+00 | 0.0030 | 0.4998 | 163381.88 | 0.000 | 0.00e+00 | 0.00e+00 | 0.00e+00 | 0.0001 | 0.0000 |  0.875 |  0.000 | 10000000000.00 | 0.0000 | 0.148 | 3.9976 | 3158.49 | 5.81e-01 | 1.0e-02 |   gas
  6450 |  2.46e+00 |  9.69e+00 | 0.0030 | 0.5000 | 127737.64 | 0.000 | 0.00e+00 | 0.00e+00 | 0.00e+00 | 0.0003 | 0.0000 |  0.875 |  0.000 | 10000000000.00 | 0.0000 | 0.146 | 3.9968 | 3147.43 | 1.00e+00 | 1.0e-02 |   gas
  6475 |  2.25e+00 |  1.05e+01 | 0.0030 | 0.5000 | 127737.64 | 0.000 | 0.00e+00 | 0.00e+00 | 0.00e+00 | 0.0001 | 0.0000 |  0.875 |  0.000 | 10000000000.00 | 0.0000 | 0.148 | 3.9975 | 3140.86 | 6.28e-01 | 1.0e-02 |   gas
  6500 |  2.27e+00 |  9.48e+00 | 0.0059 | 0.4999 | 108815.39 | 0.000 | 0.00e+00 | 0.00e+00 | 0.00e+00 | 0.0001 | 0.0000 |  0.875 |  0.000 | 10000000000.00 | 0.0000 | 0.146 | 3.9975 | 3136.20 | 7.14e-01 | 1.0e-02 |   gas
  6525 |  2.10e+00 |  1.10e+01 | 0.0059 | 0.5000 | 108815.39 | 0.000 | 0.00e+00 | 0.00e+00 | 0.00e+00 | 0.0002 | 0.0000 |  0.875 |  0.000 | 10000000000.00 | 0.0000 | 0.143 | 3.9971 | 3127.16 | 7.95e-01 | 1.0e-02 |   gas
  6550 |  2.66e+00 |  6.67e+00 | 0.0385 | 0.4999 | 166477.06 | 0.000 | 0.00e+00 | 0.00e+00 | 0.00e+00 | 0.0001 | 0.0000 |  0.875 |  0.000 | 10000000000.00 | 0.0000 | 0.139 | 3.9948 | 3116.16 | 1.00e+00 | 1.0e-02 |   gas
  6575 |  3.16e+00 |  5.14e+00 | 0.0030 | 0.4999 | 166477.06 | 0.000 | 0.00e+00 | 0.00e+00 | 0.00e+00 | 0.0001 | 0.0000 |  0.875 |  0.000 | 10000000000.00 | 0.0000 | 0.143 | 3.9982 | 3147.28 | 5.81e-01 | 1.0e-02 |   gas
  6600 |  3.13e+00 |  5.49e+00 | 0.0000 | 0.5000 | 148367.55 | 0.000 | 0.00e+00 | 0.00e+00 | 0.00e+00 | 0.0001 | 0.0000 |  0.875 |  0.000 | 10000000000.00 | 0.0000 | 0.145 | 3.9973 | 3137.04 | 6.00e-01 | 1.0e-02 |   gas
       LC=   -inf psi_sp=9.327 F=-235.9 alpha=0.69 hd_gate_sp=0.500 ff_gate_sp=1.000 hd_topo=0.0 ff_topo=0.0 cooper_n=0 gap_r=1.0000
  6625 |  2.84e+00 |  6.56e+00 | 0.0089 | 0.4999 | 148367.55 | 0.000 | 0.00e+00 | 0.00e+00 | 0.00e+00 | 0.0001 | 0.0000 |  0.875 |  0.000 | 10000000000.00 | 0.0000 | 0.142 | 3.9974 | 3124.40 | 5.02e-01 | 1.0e-02 |   gas
  6650 |  2.67e+00 |  6.98e+00 | 0.0030 | 0.5000 | 92819.98 | 0.000 | 0.00e+00 | 0.00e+00 | 0.00e+00 | 0.0001 | 0.0000 |  0.875 |  0.000 | 10000000000.00 | 0.0000 | 0.142 | 3.9974 | 3112.00 | 5.55e-01 | 1.0e-02 |   gas
  6675 |  2.56e+00 |  7.61e+00 | 0.0000 | 0.5000 | 92819.98 | 0.000 | 0.00e+00 | 0.00e+00 | 0.00e+00 | 0.0001 | 0.0000 |  0.875 |  0.000 | 10000000000.00 | 0.0000 | 0.143 | 3.9972 | 3103.55 | 6.06e-01 | 1.0e-02 |   gas
  6700 |  3.60e+00 |  6.19e+00 | 0.0000 | 0.5000 | 60431.61 | 0.000 | 0.00e+00 | 0.00e+00 | 0.00e+00 | 0.0003 | 0.0000 |  0.875 |  0.000 | 10000000000.00 | 0.0000 | 0.142 | 3.9973 | 3099.74 | 1.00e+00 | 1.0e-02 |   gas
  6725 |  2.25e+00 |  9.26e+00 | 0.0000 | 0.5000 | 60431.61 | 0.000 | 0.00e+00 | 0.00e+00 | 0.00e+00 | 0.0001 | 0.0000 |  0.875 |  0.000 | 10000000000.00 | 0.0000 | 0.142 | 3.9975 | 3097.62 | 4.91e-01 | 1.0e-02 |   gas
  6750 |  2.48e+00 |  7.94e+00 | 0.0000 | 0.5000 | 77984.84 | 0.000 | 0.00e+00 | 0.00e+00 | 0.00e+00 | 0.0003 | 0.0000 |  0.875 |  0.000 | 10000000000.00 | 0.0000 | 0.144 | 3.9970 | 3094.13 | 1.00e+00 | 1.0e-02 |   gas
  6775 |  2.13e+00 |  1.05e+01 | 0.0000 | 0.5000 | 77984.84 | 0.000 | 0.00e+00 | 0.00e+00 | 0.00e+00 | 0.0000 | 0.0000 |  0.875 |  0.000 | 10000000000.00 | 0.0000 | 0.144 | 3.9975 | 3092.17 | 4.88e-01 | 1.0e-02 |   gas
  6800 |  2.31e+00 |  8.09e+00 | 0.0000 | 0.4998 | 112495.41 | 0.000 | 0.00e+00 | 0.00e+00 | 0.00e+00 | 0.0001 | 0.0000 |  0.875 |  0.000 | 10000000000.00 | 0.0000 | 0.145 | 3.9973 | 3091.67 | 5.36e-01 | 1.0e-02 |   gas
       LC=   -inf psi_sp=9.235 F=-239.0 alpha=0.69 hd_gate_sp=0.500 ff_gate_sp=1.000 hd_topo=0.0 ff_topo=0.0 cooper_n=0 gap_r=1.0000
  6825 |  2.44e+00 |  7.63e+00 | 0.0030 | 0.4999 | 112495.41 | 0.000 | 0.00e+00 | 0.00e+00 | 0.00e+00 | 0.0001 | 0.0000 |  0.875 |  0.000 | 10000000000.00 | 0.0000 | 0.145 | 3.9975 | 3090.57 | 4.80e-01 | 1.0e-02 |   gas
  6850 |  2.51e+00 |  7.35e+00 | 0.0030 | 0.4999 | 107247.88 | 0.000 | 0.00e+00 | 0.00e+00 | 0.00e+00 | 0.0001 | 0.0000 |  0.875 |  0.000 | 10000000000.00 | 0.0000 | 0.145 | 3.9973 | 3087.27 | 5.50e-01 | 1.0e-02 |   gas
  6875 |  2.65e+00 |  8.66e+00 | 0.0059 | 0.4999 | 107247.88 | 0.000 | 0.00e+00 | 0.00e+00 | 0.00e+00 | 0.0003 | 0.0000 |  0.875 |  0.000 | 10000000000.00 | 0.0000 | 0.145 | 3.9970 | 3084.19 | 1.00e+00 | 1.0e-02 |   gas
  6900 |  3.67e+00 |  6.72e+00 | 0.0089 | 0.4999 | 106130.77 | 0.000 | 0.00e+00 | 0.00e+00 | 0.00e+00 | 0.0003 | 0.0000 |  0.875 |  0.000 | 10000000000.00 | 0.0000 | 0.146 | 3.9976 | 3084.36 | 1.00e+00 | 1.0e-02 |   gas
  6925 |  2.95e+00 |  5.57e+00 | 0.0030 | 0.5000 | 106130.77 | 0.000 | 0.00e+00 | 0.00e+00 | 0.00e+00 | 0.0003 | 0.0000 |  0.875 |  0.000 | 10000000000.00 | 0.0000 | 0.149 | 3.9974 | 3085.12 | 1.00e+00 | 1.0e-02 |   gas
  6950 |  2.55e+00 |  7.26e+00 | 0.0030 | 0.4999 | 94973.77 | 0.000 | 0.00e+00 | 0.00e+00 | 0.00e+00 | 0.0003 | 0.0000 |  0.875 |  0.000 | 10000000000.00 | 0.0000 | 0.146 | 3.9974 | 3082.18 | 9.06e-01 | 1.0e-02 |   gas
  6975 |  2.54e+00 |  6.79e+00 | 0.0000 | 0.4999 | 94973.77 | 0.000 | 0.00e+00 | 0.00e+00 | 0.00e+00 | 0.0002 | 0.0000 |  0.875 |  0.000 | 10000000000.00 | 0.0000 | 0.147 | 3.9974 | 3082.68 | 7.62e-01 | 1.0e-02 |   gas
  7000 |  2.09e+00 |  9.39e+00 | 0.0000 | 0.5000 | 104396.84 | 0.000 | 0.00e+00 | 0.00e+00 | 0.00e+00 | 0.0001 | 0.0000 |  0.875 |  0.000 | 10000000000.00 | 0.0000 | 0.145 | 3.9976 | 3084.66 | 5.39e-01 | 1.0e-02 |   gas
       LC=   -inf psi_sp=9.275 F=-226.1 alpha=0.69 hd_gate_sp=0.500 ff_gate_sp=1.000 hd_topo=0.0 ff_topo=0.0 cooper_n=0 gap_r=1.0000
  7025 |  3.62e+00 |  3.65e+00 | 0.0178 | 0.5000 | 104396.84 | 0.000 | 0.00e+00 | 0.00e+00 | 0.00e+00 | 0.0002 | 0.0000 |  0.875 |  0.000 | 10000000000.00 | 0.0000 | 0.141 | 3.9993 | 3126.04 | 8.02e-01 | 1.0e-02 |   gas
  7050 |  3.31e+00 |  4.21e+00 | 0.0118 | 0.5000 | 158403.05 | 0.000 | 0.00e+00 | 0.00e+00 | 0.00e+00 | 0.0001 | 0.0000 |  0.875 |  0.000 | 10000000000.00 | 0.0000 | 0.143 | 3.9978 | 3129.78 | 6.74e-01 | 1.0e-02 |   gas
  7075 |  3.37e+00 |  4.17e+00 | 0.0118 | 0.4999 | 158403.05 | 0.000 | 1.07e+00 | 0.00e+00 | 0.00e+00 | 0.0002 | 0.0000 |  0.875 |  0.000 | 5000004523.57 | 0.0000 | 0.144 | 3.9975 | 3118.40 | 7.27e-01 | 1.0e-02 |   gas
  7100 |  3.04e+00 |  4.99e+00 | 0.0059 | 0.5000 | 116127.42 | 0.000 | 0.00e+00 | 0.00e+00 | 0.00e+00 | 0.0001 | 0.0000 |  0.875 |  0.000 | 10000000000.00 | 0.0000 | 0.143 | 3.9978 | 3105.86 | 5.88e-01 | 1.0e-02 |   gas
  7125 |  2.96e+00 |  5.21e+00 | 0.0030 | 0.4999 | 116127.42 | 0.000 | 0.00e+00 | 0.00e+00 | 0.00e+00 | 0.0001 | 0.0000 |  0.875 |  0.000 | 10000000000.00 | 0.0000 | 0.136 | 3.9982 | 3118.99 | 5.69e-01 | 1.0e-02 |   gas
  7150 |  2.84e+00 |  5.98e+00 | 0.0089 | 0.4999 | 85528.38 | 0.000 | 0.00e+00 | 0.00e+00 | 0.00e+00 | 0.0001 | 0.0000 |  0.875 |  0.000 | 10000000000.00 | 0.0000 | 0.130 | 3.9986 | 3120.83 | 5.08e-01 | 1.0e-02 |   gas
  7175 |  2.60e+00 |  6.59e+00 | 0.0148 | 0.4998 | 85528.38 | 0.000 | 0.00e+00 | 0.00e+00 | 0.00e+00 | 0.0001 | 0.0000 |  0.875 |  0.000 | 10000000000.00 | 0.0000 | 0.120 | 3.9990 | 3154.25 | 5.06e-01 | 1.0e-02 |   gas
  7200 |  2.78e+00 |  6.30e+00 | 0.0118 | 0.5000 | 63112.68 | 0.000 | 0.00e+00 | 0.00e+00 | 0.00e+00 | 0.0001 | 0.0000 |  0.875 |  0.000 | 10000000000.00 | 0.0000 | 0.126 | 3.9991 | 3159.14 | 6.45e-01 | 1.0e-02 |   gas
       LC=   -inf psi_sp=9.404 F=-246.2 alpha=0.69 hd_gate_sp=0.500 ff_gate_sp=1.000 hd_topo=0.0 ff_topo=0.0 cooper_n=0 gap_r=1.0000
  7225 |  2.83e+00 |  6.11e+00 | 0.0089 | 0.5000 | 63112.68 | 0.000 | 0.00e+00 | 0.00e+00 | 0.00e+00 | 0.0001 | 0.0000 |  0.875 |  0.000 | 10000000000.00 | 0.0000 | 0.132 | 3.9992 | 3191.62 | 5.94e-01 | 1.0e-02 |   gas
  7250 |  3.06e+00 |  5.98e+00 | 0.0118 | 0.5000 | 57703.43 | 0.000 | 0.00e+00 | 0.00e+00 | 0.00e+00 | 0.0002 | 0.0000 |  0.875 |  0.000 | 10000000000.00 | 0.0000 | 0.135 | 3.9986 | 3193.65 | 7.30e-01 | 1.0e-02 |   gas
  7275 |  2.91e+00 |  6.01e+00 | 0.0059 | 0.5000 | 57703.43 | 0.000 | 0.00e+00 | 0.00e+00 | 0.00e+00 | 0.0028 | 0.0000 |  0.875 |  0.000 | 10000000000.00 | 0.0000 | 0.135 | 3.9981 | 3212.58 | 1.00e+00 | 1.0e-02 |   gas
  [CHECKPOINT] checkpoints_superconductor/latest.pt
  7300 |  2.73e+00 |  5.74e+00 | 0.0089 | 0.5000 | 55574.89 | 0.000 | 0.00e+00 | 0.00e+00 | 0.00e+00 | 0.0001 | 0.0000 |  0.875 |  0.000 | 10000000000.00 | 0.0000 | 0.138 | 3.9984 | 3217.86 | 6.02e-01 | 1.0e-02 |   gas
  7325 |  3.45e+00 |  4.32e+00 | 0.0325 | 0.5000 | 55574.89 | 0.000 | 0.00e+00 | 0.00e+00 | 0.00e+00 | 0.0001 | 0.0000 |  0.875 |  0.000 | 10000000000.00 | 0.0000 | 0.138 | 3.9991 | 3237.32 | 6.56e-01 | 1.0e-02 |   gas
  7350 |  3.26e+00 |  4.89e+00 | 0.0030 | 0.5000 | 51553.27 | -0.002 | 2.69e+01 | 0.00e+00 | 0.00e+00 | 0.0002 | 0.0000 |  0.876 | -0.002 | 4999999878.09 | 0.0000 | 0.141 | 3.9993 | 3252.89 | 7.47e-01 | 1.0e-02 |   gas
  7375 |  3.35e+00 |  6.18e+00 | 0.0030 | 0.4999 | 51553.27 | 0.000 | 0.00e+00 | 0.00e+00 | 0.00e+00 | 0.0003 | 0.0000 |  0.875 |  0.000 | 10000000000.00 | 0.0000 | 0.140 | 3.9989 | 3238.05 | 9.33e-01 | 1.0e-02 |   gas
  7400 |  3.33e+00 |  6.58e+00 | 0.0030 | 0.5000 | 60628.07 | 0.000 | 0.00e+00 | 0.00e+00 | 0.00e+00 | 0.0045 | 0.0000 |  0.875 |  0.000 | 10000000000.00 | 0.0000 | 0.141 | 3.9986 | 3221.09 | 1.00e+00 | 1.0e-02 |   gas
       LC=   -inf psi_sp=9.695 F=-233.4 alpha=0.69 hd_gate_sp=0.500 ff_gate_sp=1.000 hd_topo=0.0 ff_topo=0.0 cooper_n=0 gap_r=1.0000
  7425 |  2.85e+00 |  7.39e+00 | 0.0030 | 0.4999 | 60628.07 | 0.000 | 0.00e+00 | 0.00e+00 | 0.00e+00 | 0.0001 | 0.0000 |  0.875 |  0.000 | 10000000000.00 | 0.0000 | 0.140 | 3.9984 | 3208.37 | 4.83e-01 | 1.0e-02 |   gas
  7450 |  2.83e+00 |  6.60e+00 | 0.0000 | 0.5000 | 49655.01 | 0.000 | 0.00e+00 | 0.00e+00 | 0.00e+00 | 0.0001 | 0.0000 |  0.875 |  0.000 | 10000000000.00 | 0.0000 | 0.140 | 3.9989 | 3196.90 | 6.33e-01 | 1.0e-02 |   gas
  7475 |  2.84e+00 |  7.19e+00 | 0.0000 | 0.4999 | 49655.01 | 0.000 | 0.00e+00 | 0.00e+00 | 0.00e+00 | 0.0000 | 0.0000 |  0.875 |  0.000 | 10000000000.00 | 0.0000 | 0.143 | 3.9987 | 3185.60 | 4.75e-01 | 1.0e-02 |   gas
  7500 |  2.99e+00 |  5.82e+00 | 0.0030 | 0.5000 | 36401.59 | 0.000 | 0.00e+00 | 0.00e+00 | 0.00e+00 | 0.0001 | 0.0000 |  0.875 |  0.000 | 10000000000.00 | 0.0000 | 0.149 | 3.9986 | 3176.40 | 5.88e-01 | 1.0e-02 |   gas
  7525 |  2.69e+00 |  7.83e+00 | 0.0000 | 0.5000 | 36401.59 | 0.000 | 0.00e+00 | 0.00e+00 | 0.00e+00 | 0.0001 | 0.0000 |  0.875 |  0.000 | 10000000000.00 | 0.0000 | 0.150 | 3.9986 | 3166.10 | 5.14e-01 | 1.0e-02 |   gas
  7550 |  2.89e+00 |  6.33e+00 | 0.0000 | 0.5000 | 41553.77 | 0.000 | 0.00e+00 | 0.00e+00 | 0.00e+00 | 0.0002 | 0.0000 |  0.875 |  0.000 | 10000000000.00 | 0.0000 | 0.147 | 3.9987 | 3153.48 | 8.31e-01 | 1.0e-02 |   gas
  7575 |  2.82e+00 |  6.78e+00 | 0.0000 | 0.5000 | 41553.77 | 0.000 | 0.00e+00 | 0.00e+00 | 0.00e+00 | 0.0001 | 0.0000 |  0.875 |  0.000 | 10000000000.00 | 0.0000 | 0.144 | 3.9987 | 3141.98 | 5.04e-01 | 1.0e-02 |   gas
  7600 |  2.76e+00 |  7.46e+00 | 0.0000 | 0.4999 | 42131.48 | 0.000 | 0.00e+00 | 0.00e+00 | 0.00e+00 | 0.0000 | 0.0000 |  0.875 |  0.000 | 10000000000.00 | 0.0000 | 0.146 | 3.9986 | 3130.17 | 4.35e-01 | 1.0e-02 |   gas
       LC=   -inf psi_sp=9.481 F=-233.8 alpha=0.69 hd_gate_sp=0.500 ff_gate_sp=1.000 hd_topo=0.0 ff_topo=0.0 cooper_n=0 gap_r=1.0000
  7625 |  2.85e+00 |  6.90e+00 | 0.0000 | 0.4999 | 42131.48 | 0.000 | 0.00e+00 | 0.00e+00 | 0.00e+00 | 0.0001 | 0.0000 |  0.875 |  0.000 | 10000000000.00 | 0.0000 | 0.142 | 3.9988 | 3120.43 | 5.29e-01 | 1.0e-02 |   gas
  7650 |  2.88e+00 |  6.42e+00 | 0.0059 | 0.4999 | 42155.44 | 0.000 | 0.00e+00 | 0.00e+00 | 0.00e+00 | 0.0001 | 0.0000 |  0.875 |  0.000 | 10000000000.00 | 0.0000 | 0.144 | 3.9986 | 3113.56 | 4.91e-01 | 1.0e-02 |   gas
  7675 |  2.89e+00 |  6.50e+00 | 0.0030 | 0.5000 | 42155.44 | 0.000 | 0.00e+00 | 0.00e+00 | 0.00e+00 | 0.0000 | 0.0000 |  0.875 |  0.000 | 10000000000.00 | 0.0000 | 0.141 | 3.9986 | 3104.58 | 4.55e-01 | 1.0e-02 |   gas
  7700 |  2.82e+00 |  7.03e+00 | 0.0030 | 0.5000 | 28253.22 | 0.000 | 0.00e+00 | 0.00e+00 | 0.00e+00 | 0.0001 | 0.0000 |  0.875 |  0.000 | 10000000000.00 | 0.0000 | 0.142 | 3.9985 | 3098.61 | 4.93e-01 | 1.0e-02 |   gas
  7725 |  2.77e+00 |  6.76e+00 | 0.0030 | 0.4998 | 28253.22 | 0.000 | 0.00e+00 | 0.00e+00 | 0.00e+00 | 0.0000 | 0.0000 |  0.875 |  0.000 | 10000000000.00 | 0.0000 | 0.147 | 3.9985 | 3092.54 | 4.40e-01 | 1.0e-02 |   gas
  7750 |  2.87e+00 |  6.69e+00 | 0.0030 | 0.4999 | 42070.66 | 0.000 | 0.00e+00 | 0.00e+00 | 0.00e+00 | 0.0003 | 0.0000 |  0.875 |  0.000 | 10000000000.00 | 0.0000 | 0.143 | 3.9980 | 3089.02 | 9.61e-01 | 1.0e-02 |   gas
  7775 |  2.86e+00 |  6.41e+00 | 0.0000 | 0.5000 | 42070.66 | 0.000 | 0.00e+00 | 0.00e+00 | 0.00e+00 | 0.0001 | 0.0000 |  0.875 |  0.000 | 10000000000.00 | 0.0000 | 0.139 | 3.9984 | 3083.59 | 5.60e-01 | 1.0e-02 |   gas
  7800 |  2.94e+00 |  5.63e+00 | 0.0030 | 0.4999 | 67821.07 | 0.000 | 0.00e+00 | 0.00e+00 | 0.00e+00 | 0.0001 | 0.0000 |  0.875 |  0.000 | 10000000000.00 | 0.0000 | 0.140 | 3.9985 | 3080.50 | 6.10e-01 | 1.0e-02 |   gas
       LC=   -inf psi_sp=9.398 F=-230.3 alpha=0.69 hd_gate_sp=0.500 ff_gate_sp=1.000 hd_topo=0.0 ff_topo=0.0 cooper_n=0 gap_r=1.0000
  7825 |  2.74e+00 |  6.34e+00 | 0.0030 | 0.5000 | 67821.07 | 0.000 | 0.00e+00 | 0.00e+00 | 0.00e+00 | 0.0001 | 0.0000 |  0.875 |  0.000 | 10000000000.00 | 0.0000 | 0.143 | 3.9985 | 3079.17 | 5.11e-01 | 1.0e-02 |   gas
  7850 |  2.61e+00 |  7.96e+00 | 0.0000 | 0.5000 | 58646.84 | 0.000 | 0.00e+00 | 0.00e+00 | 0.00e+00 | 0.0000 | 0.0000 |  0.875 |  0.000 | 10000000000.00 | 0.0000 | 0.144 | 3.9985 | 3075.91 | 4.17e-01 | 1.0e-02 |   gas
  7875 |  2.72e+00 |  7.03e+00 | 0.0030 | 0.4998 | 58646.84 | 0.000 | 0.00e+00 | 0.00e+00 | 0.00e+00 | 0.0001 | 0.0000 |  0.875 |  0.000 | 10000000000.00 | 0.0000 | 0.139 | 3.9989 | 3072.60 | 5.72e-01 | 1.0e-02 |   gas
  7900 |  2.74e+00 |  7.86e+00 | 0.0000 | 0.4999 | 47823.66 | 0.000 | 0.00e+00 | 0.00e+00 | 0.00e+00 | 0.0001 | 0.0000 |  0.875 |  0.000 | 10000000000.00 | 0.0000 | 0.140 | 3.9985 | 3070.35 | 5.07e-01 | 1.0e-02 |   gas
  7925 |  2.69e+00 |  6.80e+00 | 0.0000 | 0.5000 | 47823.66 | 0.000 | 0.00e+00 | 0.00e+00 | 0.00e+00 | 0.0001 | 0.0000 |  0.875 |  0.000 | 10000000000.00 | 0.0000 | 0.139 | 3.9985 | 3071.25 | 5.13e-01 | 1.0e-02 |   gas
  7950 |  2.72e+00 |  6.53e+00 | 0.0059 | 0.5000 | 53666.74 | 0.000 | 0.00e+00 | 0.00e+00 | 0.00e+00 | 0.0001 | 0.0000 |  0.875 |  0.000 | 10000000000.00 | 0.0000 | 0.138 | 3.9986 | 3078.22 | 7.03e-01 | 1.0e-02 |   gas
  7975 |  3.29e+00 |  6.28e+00 | 0.0000 | 0.4999 | 53666.74 | 0.000 | 0.00e+00 | 0.00e+00 | 0.00e+00 | 0.0002 | 0.0000 |  0.875 |  0.000 | 10000000000.00 | 0.0000 | 0.138 | 3.9987 | 3088.89 | 8.23e-01 | 1.0e-02 |   gas
  8000 |  2.71e+00 |  7.11e+00 | 0.0030 | 0.5000 | 86440.35 | 0.000 | 0.00e+00 | 0.00e+00 | 0.00e+00 | 0.0001 | 0.0000 |  0.875 |  0.000 | 10000000000.00 | 0.0000 | 0.138 | 3.9987 | 3092.78 | 5.39e-01 | 1.0e-02 |   gas
       LC=   -inf psi_sp=9.346 F=-236.3 alpha=0.69 hd_gate_sp=0.500 ff_gate_sp=1.000 hd_topo=0.0 ff_topo=0.0 cooper_n=0 gap_r=1.0000
  8025 |  2.70e+00 |  7.21e+00 | 0.0030 | 0.5000 | 86440.35 | 0.000 | 0.00e+00 | 0.00e+00 | 0.00e+00 | 0.0001 | 0.0000 |  0.875 |  0.000 | 10000000000.00 | 0.0000 | 0.137 | 3.9988 | 3103.83 | 5.42e-01 | 1.0e-02 |   gas
  8050 |  2.72e+00 |  7.45e+00 | 0.0000 | 0.4999 | 137070.72 | 0.000 | 0.00e+00 | 0.00e+00 | 0.00e+00 | 0.0001 | 0.0000 |  0.875 |  0.000 | 10000000000.00 | 0.0000 | 0.137 | 3.9987 | 3119.04 | 5.78e-01 | 1.0e-02 |   gas
  8075 |  3.22e+00 |  5.48e+00 | 0.0118 | 0.5000 | 137070.72 | 0.000 | 5.58e-02 | 0.00e+00 | 0.00e+00 | 0.0003 | 0.0000 |  0.812 |  0.000 | 5000000790.34 | 0.0000 | 0.131 | 3.9986 | 3163.40 | 1.00e+00 | 1.0e-02 |   gas
  8100 |  3.38e+00 |  4.56e+00 | 0.0059 | 0.5000 | 127061.77 | 0.000 | 0.00e+00 | 0.00e+00 | 0.00e+00 | 0.0003 | 0.0000 |  0.844 |  0.000 | 10000000000.00 | 0.0000 | 0.132 | 3.9998 | 3229.01 | 1.00e+00 | 1.0e-02 |   gas
  8125 |  3.26e+00 |  4.96e+00 | 0.0030 | 0.5000 | 127061.77 | 0.000 | 0.00e+00 | 0.00e+00 | 0.00e+00 | 0.0002 | 0.0000 |  0.844 |  0.000 | 10000000000.00 | 0.0000 | 0.132 | 3.9996 | 3231.35 | 8.57e-01 | 1.0e-02 |   gas
  8150 |  3.09e+00 |  6.14e+00 | 0.0059 | 0.5000 | 94674.97 | 0.000 | 0.00e+00 | 0.00e+00 | 0.00e+00 | 0.0003 | 0.0000 |  0.781 |  0.000 | 10000000000.00 | 0.0000 | 0.132 | 3.9988 | 3230.23 | 1.00e+00 | 1.0e-02 |   gas
  8175 |  2.80e+00 |  6.40e+00 | 0.0089 | 0.5000 | 94674.97 | 0.000 | 0.00e+00 | 0.00e+00 | 0.00e+00 | 0.0003 | 0.0000 |  0.750 |  0.000 | 10000000000.00 | 0.0000 | 0.134 | 3.9996 | 3244.64 | 9.42e-01 | 1.0e-02 |   gas
  8200 |  2.87e+00 |  5.82e+00 | 0.0207 | 0.4999 | 99045.16 | 0.000 | 1.69e+01 | 0.00e+00 | 0.00e+00 | 0.0001 | 0.0000 |  0.750 |  0.000 | 5000005263.62 | 0.0000 | 0.123 | 4.1062 | 3266.84 | 6.50e-01 | 1.0e-02 |   gas
       LC=   -inf psi_sp=9.745 F=-265.0 alpha=0.69 hd_gate_sp=0.000 ff_gate_sp=1.000 hd_topo=0.0 ff_topo=0.0 cooper_n=0 gap_r=1.0000
  8225 |  4.44e+00 |  7.15e+00 | 0.0118 | 0.5000 | 99045.16 | 0.000 | 0.00e+00 | 0.00e+00 | 0.00e+00 | 0.0003 | 0.0000 |  0.750 |  0.000 | 10000000000.00 | 0.0000 | 0.115 | 4.2140 | 3293.15 | 1.00e+00 | 1.0e-02 |   gas
  8250 |  2.34e+00 |  7.48e+00 | 0.0148 | 0.4999 | 83484.47 | -0.000 | 7.52e-13 | 0.00e+00 | 0.00e+00 | 0.0001 | 0.0000 |  0.750 | -0.000 | -1549201202.32 | 0.0000 | 0.107 | 4.4385 | 3331.44 | 6.87e-01 | 1.0e-02 |   gas
  8275 |  2.65e+00 |  6.79e+00 | 0.0089 | 0.5000 | 83484.47 | 0.000 | 0.00e+00 | 0.00e+00 | 0.00e+00 | 0.0003 | 0.0000 |  0.750 |  0.000 | 10000000000.00 | 0.0000 | 0.107 | 4.6408 | 3380.14 | 9.23e-01 | 1.0e-02 |   gas
  8300 |  3.71e+00 |  5.48e+00 | 0.0148 | 0.4999 | 118481.63 | 0.000 | 0.00e+00 | 0.00e+00 | 0.00e+00 | 0.0001 | 0.0000 |  0.750 |  0.000 | 10000000000.00 | 0.0000 | 0.099 | 4.9017 | 3478.23 | 1.00e+00 | 1.0e-02 |   gas
  8325 |  3.41e+00 |  6.26e+00 | 0.0237 | 0.5000 | 118481.63 | -0.034 | 2.49e+06 | 0.00e+00 | 0.00e+00 | 0.0002 | 0.0000 |  0.852 | -0.034 | 2201.50 | 0.0000 | 0.106 | 4.9558 | 3531.30 | 7.26e-01 | 1.0e-02 |   gas
  8350 |  3.21e+00 |  5.26e+00 | 0.0089 | 0.5000 | 109697.32 | -0.007 | 2.59e+01 | 0.00e+00 | 0.00e+00 | 0.0001 | 0.0000 |  0.750 | -0.007 | 4999999965.17 | 0.0000 | 0.106 | 4.9599 | 3532.53 | 6.82e-01 | 1.0e-02 |   gas
  8375 |  2.87e+00 |  6.00e+00 | 0.0148 | 0.5000 | 109697.32 | 0.000 | 0.00e+00 | 0.00e+00 | 0.00e+00 | 0.0003 | 0.0000 |  0.751 |  0.000 | 10000000000.00 | 0.0000 | 0.110 | 4.9698 | 3540.54 | 9.22e-01 | 1.0e-02 |   gas
  8400 |  2.74e+00 |  6.65e+00 | 0.0178 | 0.5000 | 72968.48 | 0.000 | 0.00e+00 | 0.00e+00 | 0.00e+00 | 0.0003 | 0.0000 |  0.751 |  0.000 | 10000000000.00 | 0.0000 | 0.114 | 4.9784 | 3551.66 | 9.20e-01 | 1.0e-02 |   gas
       LC=   -inf psi_sp=11.073 F=-296.0 alpha=0.69 hd_gate_sp=0.000 ff_gate_sp=1.000 hd_topo=0.0 ff_topo=0.0 cooper_n=0 gap_r=0.9998
  8425 |  3.07e+00 |  5.34e+00 | 0.0089 | 0.5000 | 72968.48 | -0.001 | 4.04e+00 | 0.00e+00 | 0.00e+00 | 0.0014 | 0.0000 |  0.750 | -0.001 | 4999999804.95 | 0.0000 | 0.114 | 4.9811 | 3568.75 | 8.88e-01 | 1.0e-02 |   gas
  8450 |  3.19e+00 |  4.90e+00 | 0.0178 | 0.5000 | 75354.65 | -0.043 | 7.60e+03 | 0.00e+00 | 0.00e+00 | 0.0001 | 0.0000 |  0.760 | -0.043 | -1956.33 | 0.0000 | 0.115 | 4.9877 | 3588.77 | 4.93e-01 | 1.0e-02 |   gas
  8475 |  3.59e+00 |  6.14e+00 | 0.0237 | 0.5000 | 75354.65 | 0.000 | 0.00e+00 | 0.00e+00 | 0.00e+00 | 0.0017 | 0.0000 |  0.750 |  0.000 | 10000000000.00 | 0.0000 | 0.114 | 4.9856 | 3597.05 | 1.00e+00 | 1.0e-02 |   gas
  8500 |  3.23e+00 |  5.13e+00 | 0.0148 | 0.5000 | 62101.39 | -0.015 | 1.42e+02 | 0.00e+00 | 0.00e+00 | 0.0001 | 0.0000 |  0.752 | -0.015 | 4999999983.75 | 0.0000 | 0.116 | 4.9894 | 3618.00 | 5.72e-01 | 1.0e-02 |   gas
  8525 |  3.06e+00 |  5.16e+00 | 0.0178 | 0.5000 | 62101.39 | -0.001 | 3.66e+00 | 0.00e+00 | 0.00e+00 | 0.0002 | 0.0000 |  0.750 | -0.001 | 3827.86 | 0.0000 | 0.119 | 4.9883 | 3608.27 | 8.79e-01 | 1.0e-02 |   gas
  8550 |  2.81e+00 |  6.14e+00 | 0.0118 | 0.5000 | 64277.65 | -0.001 | 1.64e+00 | 0.00e+00 | 0.00e+00 | 0.0001 | 0.0000 |  0.750 | -0.001 | 4999999512.37 | 0.0000 | 0.119 | 4.9877 | 3595.54 | 5.77e-01 | 1.0e-02 |   gas
  8575 |  2.58e+00 |  7.27e+00 | 0.0118 | 0.5000 | 64277.65 | -0.000 | 7.44e+00 | 0.00e+00 | 0.00e+00 | 0.0001 | 0.0000 |  0.750 | -0.000 | 1049.47 | 0.0000 | 0.120 | 4.9877 | 3589.64 | 6.55e-01 | 1.0e-02 |   gas
  8600 |  2.99e+00 |  5.33e+00 | 0.0059 | 0.5000 | 68372.66 | -0.001 | 1.64e+00 | 0.00e+00 | 0.00e+00 | 0.0003 | 0.0000 |  0.750 | -0.001 | 4999999512.37 | 0.0000 | 0.120 | 4.9864 | 3587.04 | 1.00e+00 | 1.0e-02 |   gas
       LC=   -inf psi_sp=11.433 F=-299.5 alpha=0.69 hd_gate_sp=0.000 ff_gate_sp=1.000 hd_topo=0.0 ff_topo=0.0 cooper_n=0 gap_r=1.0000
  8625 |  3.03e+00 |  5.18e+00 | 0.0030 | 0.5000 | 68372.66 | -0.007 | 2.47e+01 | 0.00e+00 | 0.00e+00 | 0.0001 | 0.0000 |  0.750 | -0.007 |  581.02 | 0.0000 | 0.118 | 4.9924 | 3638.51 | 5.55e-01 | 1.0e-02 |   gas
  8650 |  2.74e+00 |  6.38e+00 | 0.0059 | 0.5000 | 80293.04 | -0.005 | 1.51e+01 | 0.00e+00 | 0.00e+00 | 0.0003 | 0.0000 |  0.751 | -0.005 | -2003.24 | 0.0000 | 0.113 | 4.9896 | 3644.68 | 9.48e-01 | 1.0e-02 |   gas
  8675 |  2.61e+00 |  5.77e+00 | 0.0089 | 0.5000 | 80293.04 | -0.003 | 9.51e+00 | 0.00e+00 | 0.00e+00 | 0.0001 | 0.0000 |  0.751 | -0.003 | 4999999915.19 | 0.0000 | 0.113 | 4.9894 | 3641.18 | 6.34e-01 | 1.0e-02 |   gas
  8700 |  2.76e+00 |  6.22e+00 | 0.0030 | 0.5000 | 84448.04 | -0.067 | 9.72e+04 | 0.00e+00 | 0.00e+00 | 0.0001 | 0.0000 |  0.791 | -0.067 | -143.16 | 0.0000 | 0.102 | 4.9834 | 3690.99 | 6.79e-01 | 1.0e-02 |   gas
  8725 |  2.52e+00 |  7.07e+00 | 0.0059 | 0.5000 | 84448.04 | -0.002 | 5.19e+00 | 0.00e+00 | 0.00e+00 | 0.0002 | 0.0000 |  0.750 | -0.002 | -866.90 | 0.0000 | 0.103 | 4.9860 | 3695.70 | 7.68e-01 | 1.0e-02 |   gas
  8750 |  2.34e+00 |  7.11e+00 | 0.0030 | 0.4999 | 93050.91 | -0.001 | 6.03e+00 | 0.00e+00 | 0.00e+00 | 0.0054 | 0.0000 |  0.751 | -0.001 | 4027.79 | 0.0000 | 0.110 | 4.9910 | 3685.19 | 1.00e+00 | 1.0e-02 |   gas
  8775 |  2.35e+00 |  7.37e+00 | 0.0059 | 0.5000 | 93050.91 | -0.002 | 5.40e+00 | 0.00e+00 | 0.00e+00 | 0.0002 | 0.0000 |  0.750 | -0.002 | -1152.58 | 0.0000 | 0.113 | 4.9904 | 3674.00 | 7.75e-01 | 1.0e-02 |   gas
  8800 |  2.15e+00 |  8.35e+00 | 0.0030 | 0.5000 | 123421.49 | -0.001 | 1.66e+01 | 0.00e+00 | 0.00e+00 | 0.0002 | 0.0000 |  0.750 | -0.001 |  896.12 | 0.0000 | 0.111 | 4.9908 | 3671.29 | 8.34e-01 | 1.0e-02 |   gas
       LC=   -inf psi_sp=12.199 F=-307.9 alpha=0.69 hd_gate_sp=0.000 ff_gate_sp=1.000 hd_topo=0.0 ff_topo=0.0 cooper_n=0 gap_r=0.9998
  8825 |  2.31e+00 |  6.76e+00 | 0.0118 | 0.5000 | 123421.49 | -0.000 | 8.98e+00 | 0.00e+00 | 0.00e+00 | 0.0002 | 0.0000 |  0.750 | -0.000 | 2378.23 | 0.0000 | 0.113 | 4.9917 | 3671.26 | 8.39e-01 | 1.0e-02 |   gas
  8850 |  2.30e+00 |  6.59e+00 | 0.0237 | 0.4999 | 110313.21 | -0.000 | 1.25e+00 | 0.00e+00 | 0.00e+00 | 0.0002 | 0.0000 |  0.750 | -0.000 | 4999999349.83 | 0.0000 | 0.110 | 4.9884 | 3674.22 | 8.00e-01 | 1.0e-02 |   gas
  8875 |  2.12e+00 |  8.44e+00 | 0.0207 | 0.5000 | 110313.21 | 0.000 | 6.10e+00 | 0.00e+00 | 0.00e+00 | 0.0001 | 0.0000 |  0.750 |  0.000 | 5000001657.07 | 0.0000 | 0.103 | 4.9867 | 3699.08 | 6.00e-01 | 1.0e-02 |   gas
  8900 |  1.89e+00 |  1.01e+01 | 0.0207 | 0.5000 | 124076.25 | -0.000 | 3.62e+00 | 0.00e+00 | 0.00e+00 | 0.0001 | 0.0000 |  0.750 | -0.000 | 4437.99 | 0.0000 | 0.105 | 4.9877 | 3696.90 | 6.90e-01 | 1.0e-02 |   gas
  8925 |  2.24e+00 |  6.74e+00 | 0.0296 | 0.5000 | 124076.25 | 0.000 | 0.00e+00 | 0.00e+00 | 0.00e+00 | 0.0003 | 0.0000 |  0.750 |  0.000 | 10000000000.00 | 0.0000 | 0.108 | 4.9900 | 3704.01 | 1.00e+00 | 1.0e-02 |   gas
  8950 |  2.34e+00 |  6.58e+00 | 0.0178 | 0.5000 | 153589.58 | -0.000 | 4.20e-01 | 0.00e+00 | 0.00e+00 | 0.0003 | 0.0000 |  0.750 | -0.000 | 4999998049.48 | 0.0000 | 0.113 | 4.9916 | 3709.15 | 1.00e+00 | 1.0e-02 |   gas
  8975 |  1.97e+00 |  9.14e+00 | 0.0266 | 0.5000 | 153589.58 | 0.000 | 0.00e+00 | 0.00e+00 | 0.00e+00 | 0.0003 | 0.0000 |  0.750 |  0.000 | 10000000000.00 | 0.0000 | 0.113 | 4.9926 | 3704.45 | 9.13e-01 | 1.0e-02 |   gas
  9000 |  3.64e+00 |  8.21e+00 | 0.0503 | 0.5000 | 158460.88 | -0.000 | 4.21e-01 | 0.00e+00 | 0.00e+00 | 0.0003 | 0.0000 |  0.750 | -0.000 | 4999998049.48 | 0.0000 | 0.115 | 4.9932 | 3703.94 | 1.00e+00 | 1.0e-02 |   gas
       LC=   -inf psi_sp=12.433 F=-307.6 alpha=0.69 hd_gate_sp=0.000 ff_gate_sp=1.000 hd_topo=0.0 ff_topo=0.0 cooper_n=0 gap_r=1.0000
  9025 |  1.94e+00 |  7.57e+00 | 0.0562 | 0.5000 | 158460.88 | 0.000 | 0.00e+00 | 0.00e+00 | 0.00e+00 | 0.0002 | 0.0000 |  0.750 |  0.000 | 10000000000.00 | 0.0000 | 0.116 | 4.9919 | 3699.87 | 8.34e-01 | 1.0e-02 |   gas
  9050 |  2.11e+00 |  7.29e+00 | 0.0444 | 0.5000 | 176421.27 | -0.000 | 4.22e-01 | 0.00e+00 | 0.00e+00 | 0.0002 | 0.0000 |  0.750 | -0.000 | 4999998049.48 | 0.0000 | 0.117 | 4.9921 | 3696.09 | 8.39e-01 | 1.0e-02 |   gas
  9075 |  1.72e+00 |  8.08e+00 | 0.0414 | 0.5000 | 176421.27 | -0.000 | 4.23e-01 | 0.00e+00 | 0.00e+00 | 0.0003 | 0.0000 |  0.750 | -0.000 | 4999998049.48 | 0.0000 | 0.118 | 4.9911 | 3688.90 | 9.39e-01 | 1.0e-02 |   gas
  9100 |  2.14e+00 |  5.45e+00 | 0.0414 | 0.5000 | 162910.34 | 0.000 | 0.00e+00 | 0.00e+00 | 0.00e+00 | 0.0003 | 0.0000 |  0.750 |  0.000 | 10000000000.00 | 0.0000 | 0.118 | 4.9913 | 3692.73 | 1.00e+00 | 1.0e-02 |   gas
  9125 |  1.92e+00 |  6.12e+00 | 0.0473 | 0.4999 | 162910.34 | -0.000 | 1.45e+00 | 0.00e+00 | 0.00e+00 | 0.0002 | 0.0000 |  0.750 | -0.000 | 1867.36 | 0.0000 | 0.117 | 4.9899 | 3691.73 | 8.81e-01 | 1.0e-02 |   gas
  9150 |  1.61e+00 |  7.85e+00 | 0.0680 | 0.5000 | 172182.28 | 0.000 | 5.67e+00 | 0.00e+00 | 0.00e+00 | 0.0003 | 0.0000 |  0.750 |  0.000 | 5000002750.60 | 0.0000 | 0.119 | 4.9918 | 3680.39 | 9.33e-01 | 1.0e-02 |   gas
  9175 |  1.65e+00 |  8.40e+00 | 0.0592 | 0.5000 | 172182.28 | 0.000 | 2.02e+00 | 0.00e+00 | 0.00e+00 | 0.0002 | 0.0000 |  0.750 |  0.000 | 5000002026.78 | 0.0000 | 0.119 | 4.9909 | 3674.88 | 8.37e-01 | 1.0e-02 |   gas
  9200 |  2.80e+00 |  5.28e+00 | 0.0592 | 0.5000 | 208534.45 | -0.002 | 1.63e+01 | 0.00e+00 | 0.00e+00 | 0.0003 | 0.0000 |  0.751 | -0.002 | 4999999849.96 | 0.0000 | 0.117 | 4.9911 | 3701.19 | 1.00e+00 | 1.0e-02 |   gas
       LC=   -inf psi_sp=12.424 F=-326.5 alpha=0.69 hd_gate_sp=0.000 ff_gate_sp=1.000 hd_topo=0.0 ff_topo=0.0 cooper_n=0 gap_r=1.0000
  9225 |  1.98e+00 |  7.11e+00 | 0.0533 | 0.4999 | 208534.45 | -0.000 | 1.37e+01 | 0.00e+00 | 0.00e+00 | 0.0003 | 0.0000 |  0.750 | -0.000 | 4999999444.46 | 0.0000 | 0.118 | 4.9932 | 3692.69 | 1.00e+00 | 1.0e-02 |   gas
  9250 |  3.09e+00 |  9.79e+00 | 0.0355 | 0.5000 | 223617.05 | -0.064 | 1.26e+04 | 0.00e+00 | 0.00e+00 | 0.0003 | 0.0000 |  0.760 | -0.064 | 4999999996.08 | 0.0000 | 0.115 | 4.9894 | 3683.38 | 1.00e+00 | 1.0e-02 |   gas
  9275 |  3.15e+00 |  4.25e+00 | 0.0355 | 0.5000 | 223617.05 | -0.005 | 1.82e+01 | 0.00e+00 | 0.00e+00 | 0.0003 | 0.0000 |  0.751 | -0.005 | 4999999945.82 | 0.0000 | 0.116 | 4.9929 | 3715.64 | 1.00e+00 | 1.0e-02 |   gas
  9300 |  2.60e+00 |  5.79e+00 | 0.0118 | 0.5000 | 233657.64 | 0.000 | 0.00e+00 | 0.00e+00 | 0.00e+00 | 0.0001 | 0.0000 |  0.750 |  0.000 | 10000000000.00 | 0.0000 | 0.116 | 4.9945 | 3693.96 | 6.45e-01 | 1.0e-02 |   gas
  9325 |  2.37e+00 |  6.74e+00 | 0.0178 | 0.5000 | 233657.64 | 0.000 | 9.93e+00 | 0.00e+00 | 0.00e+00 | 0.0003 | 0.0000 |  0.750 |  0.000 | 5000004052.81 | 0.0000 | 0.117 | 4.9900 | 3676.69 | 1.00e+00 | 1.0e-02 |   gas
  9350 |  2.37e+00 |  5.89e+00 | 0.0178 | 0.5000 | 214993.09 | 0.000 | 0.00e+00 | 0.00e+00 | 0.00e+00 | 0.0003 | 0.0000 |  0.750 |  0.000 | 10000000000.00 | 0.0000 | 0.117 | 4.9908 | 3665.86 | 8.96e-01 | 1.0e-02 |   gas
  9375 |  2.61e+00 |  6.14e+00 | 0.0178 | 0.5000 | 214993.09 | 0.000 | 5.23e+00 | 0.00e+00 | 0.00e+00 | 0.0002 | 0.0000 |  0.750 |  0.000 | 5000002659.65 | 0.0000 | 0.118 | 4.9920 | 3658.24 | 7.44e-01 | 1.0e-02 |   gas
  9400 |  2.03e+00 |  6.87e+00 | 0.0237 | 0.5000 | 115358.58 | 0.000 | 0.00e+00 | 0.00e+00 | 0.00e+00 | 0.0003 | 0.0000 |  0.750 |  0.000 | 10000000000.00 | 0.0000 | 0.119 | 4.9918 | 3651.29 | 1.00e+00 | 1.0e-02 |   gas
       LC=   -inf psi_sp=12.180 F=-356.0 alpha=0.69 hd_gate_sp=0.000 ff_gate_sp=1.000 hd_topo=0.0 ff_topo=0.0 cooper_n=0 gap_r=1.0000
  9425 |  1.73e+00 |  7.05e+00 | 0.0592 | 0.5000 | 115358.58 | 0.000 | 1.45e+01 | 0.00e+00 | 0.00e+00 | 0.0001 | 0.0000 |  0.750 |  0.000 | 5000002023.40 | 0.0000 | 0.119 | 4.9928 | 3642.37 | 5.90e-01 | 1.0e-02 |   gas
  9450 |  1.82e+00 |  6.76e+00 | 0.0444 | 0.4999 | 113838.48 | 0.000 | 3.11e+00 | 0.00e+00 | 0.00e+00 | 0.0002 | 0.0000 |  0.750 |  0.000 | 5000006192.84 | 0.0000 | 0.119 | 4.9918 | 3637.76 | 7.64e-01 | 1.0e-02 |   gas
  9475 |  2.06e+00 |  6.64e+00 | 0.0355 | 0.4999 | 113838.48 | 0.000 | 0.00e+00 | 0.00e+00 | 0.00e+00 | 0.0003 | 0.0000 |  0.750 |  0.000 | 10000000000.00 | 0.0000 | 0.117 | 4.9907 | 3647.96 | 1.00e+00 | 1.0e-02 |   gas
  9500 |  1.86e+00 |  8.20e+00 | 0.0414 | 0.5000 | 168174.27 | 0.000 | 0.00e+00 | 0.00e+00 | 0.00e+00 | 0.0003 | 0.0000 |  0.750 |  0.000 | 10000000000.00 | 0.0000 | 0.117 | 4.9935 | 3661.35 | 1.00e+00 | 1.0e-02 |   gas
  9525 |  1.83e+00 |  6.07e+00 | 0.0503 | 0.5000 | 168174.27 | 0.000 | 6.89e+00 | 0.00e+00 | 0.00e+00 | 0.0003 | 0.0000 |  0.750 |  0.000 | 5000000502.78 | 0.0000 | 0.116 | 4.9931 | 3658.81 | 9.74e-01 | 1.0e-02 |   gas
  9550 |  1.61e+00 |  8.55e+00 | 0.0296 | 0.5000 | 165518.86 | 0.000 | 4.47e+00 | 0.00e+00 | 0.00e+00 | 0.0002 | 0.0000 |  0.750 |  0.000 | 5000001489.91 | 0.0000 | 0.117 | 4.9945 | 3648.46 | 7.21e-01 | 1.0e-02 |   gas
  9575 |  1.96e+00 |  7.80e+00 | 0.0444 | 0.5000 | 165518.86 | 0.000 | 0.00e+00 | 0.00e+00 | 0.00e+00 | 0.0002 | 0.0000 |  0.750 |  0.000 | 10000000000.00 | 0.0000 | 0.118 | 4.9936 | 3642.44 | 7.86e-01 | 1.0e-02 |   gas
  9600 |  1.76e+00 |  6.96e+00 | 0.0503 | 0.5000 | 147243.61 | 0.000 | 3.35e-09 | 0.00e+00 | 0.00e+00 | 0.0002 | 0.0000 |  0.750 |  0.000 | 5043914572.70 | 0.0000 | 0.119 | 4.9931 | 3635.90 | 7.53e-01 | 1.0e-02 |   gas
       LC=   -inf psi_sp=12.116 F=-325.3 alpha=0.69 hd_gate_sp=0.000 ff_gate_sp=1.000 hd_topo=0.0 ff_topo=0.0 cooper_n=0 gap_r=1.0000
  9625 |  1.59e+00 |  8.74e+00 | 0.0296 | 0.5000 | 147243.61 | 0.000 | 0.00e+00 | 0.00e+00 | 0.00e+00 | 0.0003 | 0.0000 |  0.750 |  0.000 | 10000000000.00 | 0.0000 | 0.119 | 4.9932 | 3630.68 | 9.29e-01 | 1.0e-02 |   gas
  9650 |  3.61e+00 |  8.10e+00 | 0.0562 | 0.5000 | 158363.48 | 0.000 | 9.11e-01 | 0.00e+00 | 0.00e+00 | 0.0003 | 0.0000 |  0.750 |  0.000 | 5000003881.14 | 0.0000 | 0.119 | 4.9938 | 3624.18 | 1.00e+00 | 1.0e-02 |   gas
  9675 |  1.65e+00 |  6.39e+00 | 0.0503 | 0.5000 | 158363.48 | 0.000 | 0.00e+00 | 0.00e+00 | 0.00e+00 | 0.0003 | 0.0000 |  0.750 |  0.000 | 10000000000.00 | 0.0000 | 0.120 | 4.9909 | 3623.18 | 9.91e-01 | 1.0e-02 |   gas
  9700 |  1.93e+00 |  6.40e+00 | 0.0414 | 0.4999 | 169292.20 | -0.003 | 2.03e+01 | 0.00e+00 | 0.00e+00 | 0.0002 | 0.0000 |  0.750 | -0.003 | 4999999915.19 | 0.0000 | 0.118 | 4.9924 | 3645.51 | 8.68e-01 | 1.0e-02 |   gas
  9725 |  2.17e+00 |  6.30e+00 | 0.0325 | 0.5000 | 169292.20 | -0.015 | 3.45e+02 | 0.00e+00 | 0.00e+00 | 0.0003 | 0.0000 |  0.754 | -0.015 | 4999999983.61 | 0.0000 | 0.117 | 4.9954 | 3653.26 | 1.00e+00 | 1.0e-02 |   gas
  9750 |  1.61e+00 |  8.17e+00 | 0.0562 | 0.5000 | 181951.67 | -0.001 | 3.32e+00 | 0.00e+00 | 0.00e+00 | 0.0003 | 0.0000 |  0.750 | -0.001 | 4999999721.35 | 0.0000 | 0.117 | 4.9938 | 3648.08 | 1.00e+00 | 1.0e-02 |   gas
  9775 |  1.65e+00 |  7.26e+00 | 0.0740 | 0.4999 | 181951.67 | -0.000 | 4.91e+00 | 0.00e+00 | 0.00e+00 | 0.0003 | 0.0000 |  0.750 | -0.000 | 4999998777.30 | 0.0000 | 0.119 | 4.9926 | 3642.31 | 9.57e-01 | 1.0e-02 |   gas
  9800 |  1.77e+00 |  6.87e+00 | 0.0533 | 0.5000 | 202389.97 | -0.001 | 2.17e+00 | 0.00e+00 | 0.00e+00 | 0.0003 | 0.0000 |  0.750 | -0.001 | 4999999609.90 | 0.0000 | 0.119 | 4.9928 | 3632.74 | 1.00e+00 | 1.0e-02 |   gas
       LC=   -inf psi_sp=11.879 F=-295.3 alpha=0.69 hd_gate_sp=0.000 ff_gate_sp=1.000 hd_topo=0.0 ff_topo=0.0 cooper_n=0 gap_r=1.0000
  9825 |  3.06e+00 |  7.36e+00 | 0.0444 | 0.4999 | 202389.97 | -0.000 | 1.53e+00 | 0.00e+00 | 0.00e+00 | 0.0003 | 0.0000 |  0.750 | -0.000 | 4999996290.06 | 0.0000 | 0.120 | 4.9939 | 3621.12 | 1.00e+00 | 1.0e-02 |   gas
  9850 |  1.55e+00 |  1.03e+01 | 0.0414 | 0.5000 | 281225.44 | 0.000 | 0.00e+00 | 0.00e+00 | 0.00e+00 | 0.0002 | 0.0000 |  0.750 |  0.000 | 10000000000.00 | 0.0000 | 0.120 | 4.9941 | 3603.66 | 8.86e-01 | 1.0e-02 |   gas
  9875 |  1.72e+00 |  6.54e+00 | 0.0444 | 0.4999 | 281225.44 | 0.000 | 3.99e+00 | 0.00e+00 | 0.00e+00 | 0.0003 | 0.0000 |  0.750 |  0.000 | 5000001421.58 | 0.0000 | 0.120 | 4.9932 | 3602.49 | 9.10e-01 | 1.0e-02 |   gas
  9900 |  2.78e+00 |  5.01e+00 | 0.0178 | 0.5000 | 337631.31 | 0.000 | 1.56e+01 | 0.00e+00 | 0.00e+00 | 0.0002 | 0.0000 |  0.750 |  0.000 | 5000001110.23 | 0.0000 | 0.117 | 4.9936 | 3641.88 | 7.98e-01 | 1.0e-02 |   gas
  9925 |  2.34e+00 |  5.63e+00 | 0.0296 | 0.5000 | 337631.31 | 0.000 | 1.79e+00 | 0.00e+00 | 0.00e+00 | 0.0002 | 0.0000 |  0.750 |  0.000 | 5000004780.57 | 0.0000 | 0.118 | 4.9935 | 3630.16 | 7.81e-01 | 1.0e-02 |   gas
  9950 |  2.30e+00 |  6.49e+00 | 0.0207 | 0.5000 | 281930.12 | 0.000 | 9.47e-01 | 0.00e+00 | 0.00e+00 | 0.0001 | 0.0000 |  0.750 |  0.000 | 5000004633.52 | 0.0000 | 0.118 | 4.9952 | 3614.07 | 5.84e-01 | 1.0e-02 |   gas
  9975 |  2.97e+00 |  5.46e+00 | 0.0059 | 0.5000 | 281930.12 | -0.005 | 1.11e+02 | 0.00e+00 | 0.00e+00 | 0.0003 | 0.0000 |  0.751 | -0.005 | 4999999947.28 | 0.0000 | 0.117 | 4.9935 | 3626.46 | 1.00e+00 | 1.0e-02 |   gas
 10000 |  2.53e+00 |  5.82e+00 | 0.0385 | 0.5000 | 200724.72 | 0.000 | 0.00e+00 | 0.00e+00 | 0.00e+00 | 0.0003 | 0.0000 |  0.750 |  0.000 | 10000000000.00 | 0.0000 | 0.118 | 4.9937 | 3625.28 | 9.97e-01 | 1.0e-02 |   gas
       LC=   -inf psi_sp=11.820 F=-308.2 alpha=0.69 hd_gate_sp=0.000 ff_gate_sp=1.000 hd_topo=0.0 ff_topo=0.0 cooper_n=0 gap_r=1.0000
 10025 |  2.76e+00 |  5.16e+00 | 0.0148 | 0.5000 | 200724.72 | 0.000 | 0.00e+00 | 0.00e+00 | 0.00e+00 | 0.0002 | 0.0000 |  0.750 |  0.000 | 10000000000.00 | 0.0000 | 0.118 | 4.9942 | 3616.79 | 7.42e-01 | 1.0e-02 |   gas
 10050 |  3.32e+00 |  4.38e+00 | 0.0325 | 0.5000 | 175995.30 | -0.071 | 2.01e+04 | 0.00e+00 | 0.00e+00 | 0.0001 | 0.0000 |  0.759 | -0.071 | 4999999996.46 | 0.0000 | 0.116 | 4.9942 | 3622.63 | 6.28e-01 | 1.0e-02 |   gas
 10075 |  2.85e+00 |  4.70e+00 | 0.0148 | 0.5000 | 175995.30 | 0.000 | 0.00e+00 | 0.00e+00 | 0.00e+00 | 0.0003 | 0.0000 |  0.750 |  0.000 | 10000000000.00 | 0.0000 | 0.116 | 4.9938 | 3606.48 | 9.41e-01 | 1.0e-02 |   gas
 10100 |  3.45e+00 |  4.96e+00 | 0.0237 | 0.5000 | 154750.34 | 0.000 | 0.00e+00 | 0.00e+00 | 0.00e+00 | 0.0002 | 0.0000 |  0.750 |  0.000 | 10000000000.00 | 0.0000 | 0.117 | 4.9927 | 3591.35 | 8.63e-01 | 1.0e-02 |   gas
 10125 |  2.93e+00 |  4.92e+00 | 0.0059 | 0.5000 | 154750.34 | -0.001 | 2.56e+00 | 0.00e+00 | 0.00e+00 | 0.0001 | 0.0000 |  0.750 | -0.001 | 4999999609.90 | 0.0000 | 0.116 | 4.9944 | 3610.03 | 5.06e-01 | 1.0e-02 |   gas
 10150 |  2.65e+00 |  5.75e+00 | 0.0296 | 0.5000 | 192122.83 | 0.000 | 0.00e+00 | 0.00e+00 | 0.00e+00 | 0.0001 | 0.0000 |  0.750 |  0.000 | 10000000000.00 | 0.0000 | 0.116 | 4.9937 | 3595.64 | 6.37e-01 | 1.0e-02 |   gas
 10175 |  3.20e+00 |  6.25e+00 | 0.0355 | 0.5000 | 192122.83 | 0.000 | 0.00e+00 | 0.00e+00 | 0.00e+00 | 0.0003 | 0.0000 |  0.750 |  0.000 | 10000000000.00 | 0.0000 | 0.117 | 4.9927 | 3576.74 | 1.00e+00 | 1.0e-02 |   gas
 10200 |  2.36e+00 |  6.52e+00 | 0.0207 | 0.4999 | 238709.66 | 0.000 | 0.00e+00 | 0.00e+00 | 0.00e+00 | 0.0001 | 0.0000 |  0.750 |  0.000 | 10000000000.00 | 0.0000 | 0.118 | 4.9931 | 3561.27 | 6.77e-01 | 1.0e-02 |   gas
       LC=   -inf psi_sp=11.504 F=-299.3 alpha=0.69 hd_gate_sp=0.000 ff_gate_sp=1.000 hd_topo=0.0 ff_topo=0.0 cooper_n=0 gap_r=1.0000
  [CHECKPOINT] checkpoints_superconductor/latest.pt
 10225 |  2.34e+00 |  6.47e+00 | 0.0562 | 0.5000 | 238709.66 | 0.000 | 0.00e+00 | 0.00e+00 | 0.00e+00 | 0.0002 | 0.0000 |  0.750 |  0.000 | 10000000000.00 | 0.0000 | 0.118 | 4.9924 | 3549.21 | 7.35e-01 | 1.0e-02 |   gas
 10250 |  2.85e+00 |  5.68e+00 | 0.0296 | 0.5000 | 185433.22 | 0.000 | 0.00e+00 | 0.00e+00 | 0.00e+00 | 0.0003 | 0.0000 |  0.750 |  0.000 | 10000000000.00 | 0.0000 | 0.116 | 4.9890 | 3547.66 | 1.00e+00 | 1.0e-02 |   gas
 10275 |  2.38e+00 |  6.44e+00 | 0.0207 | 0.5000 | 185433.22 | 0.000 | 0.00e+00 | 0.00e+00 | 0.00e+00 | 0.0002 | 0.0000 |  0.750 |  0.000 | 10000000000.00 | 0.0000 | 0.116 | 4.9914 | 3568.26 | 7.37e-01 | 1.0e-02 |   gas
 10300 |  2.49e+00 |  7.03e+00 | 0.0266 | 0.5000 | 191625.73 | 0.000 | 0.00e+00 | 0.00e+00 | 0.00e+00 | 0.0003 | 0.0000 |  0.750 |  0.000 | 10000000000.00 | 0.0000 | 0.117 | 4.9901 | 3560.75 | 1.00e+00 | 1.0e-02 |   gas
 10325 |  2.66e+00 |  5.14e+00 | 0.0237 | 0.5000 | 191625.73 | 0.000 | 1.58e+01 | 0.00e+00 | 0.00e+00 | 0.0002 | 0.0000 |  0.750 |  0.000 | 5000033596.16 | 0.0000 | 0.115 | 4.9931 | 3576.23 | 7.40e-01 | 1.0e-02 |   gas
 10350 |  2.28e+00 |  5.98e+00 | 0.0118 | 0.5000 | 236492.69 | 0.000 | 8.81e+00 | 0.00e+00 | 0.00e+00 | 0.0002 | 0.0000 |  0.750 |  0.000 | 5000003926.99 | 0.0000 | 0.116 | 4.9924 | 3565.57 | 8.68e-01 | 1.0e-02 |   gas
 10375 |  2.26e+00 |  7.39e+00 | 0.0266 | 0.5000 | 236492.69 | 0.000 | 0.00e+00 | 0.00e+00 | 0.00e+00 | 0.0003 | 0.0000 |  0.750 |  0.000 | 10000000000.00 | 0.0000 | 0.114 | 4.9870 | 3547.91 | 1.00e+00 | 1.0e-02 |   gas
 10400 |  2.44e+00 |  6.12e+00 | 0.0178 | 0.5000 | 279344.97 | 0.000 | 0.00e+00 | 0.00e+00 | 0.00e+00 | 0.0002 | 0.0000 |  0.750 |  0.000 | 10000000000.00 | 0.0000 | 0.115 | 4.9926 | 3570.26 | 7.82e-01 | 1.0e-02 |   gas
       LC=   -inf psi_sp=11.299 F=-312.2 alpha=0.69 hd_gate_sp=0.000 ff_gate_sp=1.000 hd_topo=0.0 ff_topo=0.0 cooper_n=0 gap_r=1.0000
 10425 |  2.19e+00 |  6.39e+00 | 0.0296 | 0.5000 | 279344.97 | 0.000 | 0.00e+00 | 0.00e+00 | 0.00e+00 | 0.0001 | 0.0000 |  0.750 |  0.000 | 10000000000.00 | 0.0000 | 0.115 | 4.9910 | 3561.18 | 7.06e-01 | 1.0e-02 |   gas
 10450 |  3.94e+00 |  7.37e+00 | 0.0237 | 0.5000 | 290842.50 | 0.000 | 1.78e+01 | 0.00e+00 | 0.00e+00 | 0.0003 | 0.0000 |  0.750 |  0.000 | 5000004352.64 | 0.0000 | 0.116 | 4.9886 | 3546.06 | 1.00e+00 | 1.0e-02 |   gas
 10475 |  2.51e+00 |  7.12e+00 | 0.0207 | 0.5000 | 290842.50 | 0.000 | 0.00e+00 | 0.00e+00 | 0.00e+00 | 0.0003 | 0.0000 |  0.750 |  0.000 | 10000000000.00 | 0.0000 | 0.116 | 4.9890 | 3537.37 | 9.68e-01 | 1.0e-02 |   gas
 10500 |  1.76e+00 |  9.47e+00 | 0.0148 | 0.5000 | 238037.78 | 0.000 | 9.04e-01 | 0.00e+00 | 0.00e+00 | 0.0002 | 0.0000 |  0.750 |  0.000 | 5000003919.81 | 0.0000 | 0.117 | 4.9875 | 3527.41 | 7.79e-01 | 1.0e-02 |   gas
 10525 |  1.87e+00 |  7.36e+00 | 0.0207 | 0.4999 | 238037.78 | 0.000 | 0.00e+00 | 0.00e+00 | 0.00e+00 | 0.0002 | 0.0000 |  0.750 |  0.000 | 10000000000.00 | 0.0000 | 0.118 | 4.9860 | 3528.90 | 8.28e-01 | 1.0e-02 |   gas
 10550 |  1.70e+00 |  7.53e+00 | 0.0207 | 0.5000 | 179757.80 | 0.000 | 1.02e+00 | 0.00e+00 | 0.00e+00 | 0.0002 | 0.0000 |  0.750 |  0.000 | 5000004026.44 | 0.0000 | 0.118 | 4.9873 | 3527.72 | 7.95e-01 | 1.0e-02 |   gas
 10575 |  2.64e+00 |  8.03e+00 | 0.0266 | 0.5000 | 179757.80 | 0.000 | 0.00e+00 | 0.00e+00 | 0.00e+00 | 0.0003 | 0.0000 |  0.750 |  0.000 | 10000000000.00 | 0.0000 | 0.119 | 4.9847 | 3525.50 | 1.00e+00 | 1.0e-02 |   gas
 10600 |  3.40e+00 |  4.92e+00 | 0.0296 | 0.5000 | 166406.88 | 0.000 | 1.62e-01 | 0.00e+00 | 0.00e+00 | 0.0004 | 0.0000 |  0.750 |  0.000 | 5000004374.41 | 0.0000 | 0.113 | 4.9845 | 3582.26 | 1.00e+00 | 1.0e-02 |   gas
       LC=   -inf psi_sp=11.108 F=-299.5 alpha=0.69 hd_gate_sp=0.000 ff_gate_sp=1.000 hd_topo=0.0 ff_topo=0.0 cooper_n=0 gap_r=1.0000
 10625 |  2.14e+00 |  7.36e+00 | 0.0178 | 0.4999 | 166406.88 | 0.000 | 1.02e+00 | 0.00e+00 | 0.00e+00 | 0.0003 | 0.0000 |  0.750 |  0.000 | 5000004500.32 | 0.0000 | 0.113 | 4.9936 | 3597.95 | 9.37e-01 | 1.0e-02 |   gas
 10650 |  1.98e+00 |  6.61e+00 | 0.0325 | 0.5000 | 256786.38 | -0.000 | 1.40e+00 | 0.00e+00 | 0.00e+00 | 0.0003 | 0.0000 |  0.750 | -0.000 | 4999996195.99 | 0.0000 | 0.115 | 4.9879 | 3591.52 | 9.09e-01 | 1.0e-02 |   gas
 10675 |  1.95e+00 |  8.69e+00 | 0.0414 | 0.5000 | 256786.38 | 0.000 | 3.08e+00 | 0.00e+00 | 0.00e+00 | 0.0002 | 0.0000 |  0.750 |  0.000 | 5000001348.16 | 0.0000 | 0.109 | 4.9864 | 3619.62 | 7.84e-01 | 1.0e-02 |   gas
 10700 |  1.75e+00 |  8.37e+00 | 0.0325 | 0.5000 | 254704.34 | 0.000 | 0.00e+00 | 0.00e+00 | 0.00e+00 | 0.0003 | 0.0000 |  0.750 |  0.000 | 10000000000.00 | 0.0000 | 0.111 | 4.9894 | 3621.37 | 9.48e-01 | 1.0e-02 |   gas
 10725 |  1.85e+00 |  8.20e+00 | 0.0325 | 0.5000 | 254704.34 | 0.000 | 0.00e+00 | 0.00e+00 | 0.00e+00 | 0.0001 | 0.0000 |  0.750 |  0.000 | 10000000000.00 | 0.0000 | 0.114 | 4.9905 | 3623.85 | 6.34e-01 | 1.0e-02 |   gas
 10750 |  1.91e+00 |  8.89e+00 | 0.0178 | 0.5000 | 158150.30 | 0.000 | 0.00e+00 | 0.00e+00 | 0.00e+00 | 0.0003 | 0.0000 |  0.750 |  0.000 | 10000000000.00 | 0.0000 | 0.115 | 4.9905 | 3619.54 | 1.00e+00 | 1.0e-02 |   gas
 10775 |  1.61e+00 |  8.95e+00 | 0.0207 | 0.4999 | 158150.30 | 0.000 | 1.55e+01 | 0.00e+00 | 0.00e+00 | 0.0003 | 0.0000 |  0.750 |  0.000 | 5000002767.01 | 0.0000 | 0.115 | 4.9915 | 3615.02 | 9.24e-01 | 1.0e-02 |   gas
 10800 |  3.13e+00 |  5.02e+00 | 0.0148 | 0.4999 | 219845.41 | 0.000 | 0.00e+00 | 0.00e+00 | 0.00e+00 | 0.0003 | 0.0000 |  0.750 |  0.000 | 10000000000.00 | 0.0000 | 0.114 | 4.9852 | 3625.14 | 1.00e+00 | 1.0e-02 |   gas
       LC=   -inf psi_sp=11.375 F=-279.8 alpha=0.69 hd_gate_sp=0.000 ff_gate_sp=1.000 hd_topo=0.0 ff_topo=0.0 cooper_n=0 gap_r=1.0000
 10825 |  2.25e+00 |  6.71e+00 | 0.0030 | 0.5000 | 219845.41 | 0.000 | 0.00e+00 | 0.00e+00 | 0.00e+00 | 0.0001 | 0.0000 |  0.750 |  0.000 | 10000000000.00 | 0.0000 | 0.115 | 4.9903 | 3623.61 | 6.68e-01 | 1.0e-02 |   gas
 10850 |  2.36e+00 |  6.12e+00 | 0.0059 | 0.4999 | 222007.86 | 0.000 | 0.00e+00 | 0.00e+00 | 0.00e+00 | 0.0002 | 0.0000 |  0.750 |  0.000 | 10000000000.00 | 0.0000 | 0.115 | 4.9888 | 3617.55 | 8.82e-01 | 1.0e-02 |   gas
 10875 |  2.12e+00 |  8.43e+00 | 0.0030 | 0.5000 | 222007.86 | 0.000 | 6.48e+00 | 0.00e+00 | 0.00e+00 | 0.0002 | 0.0000 |  0.750 |  0.000 | 5000010626.96 | 0.0000 | 0.116 | 4.9898 | 3605.83 | 8.27e-01 | 1.0e-02 |   gas
 10900 |  3.14e+00 |  7.64e+00 | 0.0118 | 0.5000 | 177867.89 | 0.000 | 5.00e-01 | 0.00e+00 | 0.00e+00 | 0.0004 | 0.0000 |  0.750 |  0.000 | 5000001978.80 | 0.0000 | 0.114 | 4.9846 | 3619.23 | 1.00e+00 | 1.0e-02 |   gas
 10925 |  1.90e+00 |  9.38e+00 | 0.0059 | 0.5000 | 177867.89 | 0.000 | 0.00e+00 | 0.00e+00 | 0.00e+00 | 0.0001 | 0.0000 |  0.750 |  0.000 | 10000000000.00 | 0.0000 | 0.114 | 4.9936 | 3613.75 | 5.28e-01 | 1.0e-02 |   gas
 10950 |  1.72e+00 |  1.05e+01 | 0.0059 | 0.5000 | 239065.45 | 0.000 | 0.00e+00 | 0.00e+00 | 0.00e+00 | 0.0001 | 0.0000 |  0.750 |  0.000 | 10000000000.00 | 0.0000 | 0.114 | 4.9916 | 3602.33 | 7.05e-01 | 1.0e-02 |   gas
 10975 |  2.60e+00 |  7.24e+00 | 0.0059 | 0.5000 | 239065.45 | 0.000 | 2.28e-02 | 0.00e+00 | 0.00e+00 | 0.0003 | 0.0000 |  0.750 |  0.000 | 5000000945.08 | 0.0000 | 0.111 | 4.9861 | 3617.98 | 1.00e+00 | 1.0e-02 |   gas
 11000 |  2.03e+00 |  9.20e+00 | 0.0089 | 0.5000 | 252478.89 | -0.000 | 2.42e+00 | 0.00e+00 | 0.00e+00 | 0.0002 | 0.0000 |  0.750 | -0.000 | 4999999024.74 | 0.0000 | 0.112 | 4.9941 | 3644.66 | 8.84e-01 | 1.0e-02 |   gas
       LC=   -inf psi_sp=11.742 F=-244.3 alpha=0.69 hd_gate_sp=0.000 ff_gate_sp=1.000 hd_topo=0.0 ff_topo=0.0 cooper_n=0 gap_r=1.0000
 11025 |  1.89e+00 |  1.01e+01 | 0.0089 | 0.4999 | 252478.89 | 0.000 | 0.00e+00 | 0.00e+00 | 0.00e+00 | 0.0003 | 0.0000 |  0.750 |  0.000 | 10000000000.00 | 0.0000 | 0.112 | 4.9941 | 3634.10 | 9.35e-01 | 1.0e-02 |   gas
 11050 |  2.01e+00 |  8.49e+00 | 0.0237 | 0.5000 | 271689.31 | -0.007 | 1.12e+02 | 0.00e+00 | 0.00e+00 | 0.0001 | 0.0000 |  0.751 | -0.007 | 4999999964.54 | 0.0000 | 0.113 | 4.9957 | 3636.97 | 7.06e-01 | 1.0e-02 |   gas
 11075 |  1.64e+00 |  9.77e+00 | 0.0178 | 0.5000 | 271689.31 | 0.000 | 0.00e+00 | 0.00e+00 | 0.00e+00 | 0.0001 | 0.0000 |  0.750 |  0.000 | 10000000000.00 | 0.0000 | 0.113 | 4.9956 | 3637.47 | 6.94e-01 | 1.0e-02 |   gas
 11100 |  1.81e+00 |  9.19e+00 | 0.0118 | 0.5000 | 235693.88 | 0.000 | 0.00e+00 | 0.00e+00 | 0.00e+00 | 0.0003 | 0.0000 |  0.750 |  0.000 | 10000000000.00 | 0.0000 | 0.114 | 4.9947 | 3627.98 | 9.63e-01 | 1.0e-02 |   gas
 11125 |  2.53e+00 |  5.52e+00 | 0.0118 | 0.5000 | 235693.88 | 0.000 | 0.00e+00 | 0.00e+00 | 0.00e+00 | 0.0001 | 0.0000 |  0.750 |  0.000 | 10000000000.00 | 0.0000 | 0.112 | 4.9948 | 3657.79 | 6.42e-01 | 1.0e-02 |   gas
 11150 |  2.98e+00 |  7.20e+00 | 0.0089 | 0.5000 | 212265.31 | -0.000 | 3.15e-01 | 0.00e+00 | 0.00e+00 | 0.0003 | 0.0000 |  0.750 | -0.000 | 4999998049.48 | 0.0000 | 0.112 | 4.9948 | 3638.32 | 1.00e+00 | 1.0e-02 |   gas
 11175 |  2.49e+00 |  7.01e+00 | 0.0178 | 0.5000 | 212265.31 | 0.000 | 0.00e+00 | 0.00e+00 | 0.00e+00 | 0.0003 | 0.0000 |  0.750 |  0.000 | 10000000000.00 | 0.0000 | 0.112 | 4.9943 | 3625.21 | 1.00e+00 | 1.0e-02 |   gas
 11200 |  1.93e+00 |  7.96e+00 | 0.0059 | 0.5000 | 254003.06 | 0.000 | 7.97e+00 | 0.00e+00 | 0.00e+00 | 0.0001 | 0.0000 |  0.750 |  0.000 | 5000003872.35 | 0.0000 | 0.099 | 4.9766 | 3623.28 | 6.47e-01 | 1.0e-02 |   gas
       LC=   -inf psi_sp=11.536 F=-273.1 alpha=0.69 hd_gate_sp=0.000 ff_gate_sp=1.000 hd_topo=0.0 ff_topo=0.0 cooper_n=0 gap_r=0.9975
 11225 |  1.76e+00 |  8.47e+00 | 0.0059 | 0.5000 | 254003.06 | 0.000 | 0.00e+00 | 0.00e+00 | 0.00e+00 | 0.0003 | 0.0000 |  0.750 |  0.000 | 10000000000.00 | 0.0000 | 0.098 | 4.9743 | 3647.86 | 9.23e-01 | 1.0e-02 |   gas
 11250 |  2.92e+00 |  4.15e+00 | 0.0148 | 0.5000 | 252292.64 | 0.000 | 0.00e+00 | 0.00e+00 | 0.00e+00 | 0.0003 | 0.0000 |  0.750 |  0.000 | 10000000000.00 | 0.0000 | 0.103 | 4.9838 | 3671.84 | 8.91e-01 | 1.0e-02 |   gas
 11275 |  2.37e+00 |  6.25e+00 | 0.0178 | 0.5000 | 252292.64 | 0.000 | 0.00e+00 | 0.00e+00 | 0.00e+00 | 0.0003 | 0.0000 |  0.750 |  0.000 | 10000000000.00 | 0.0000 | 0.109 | 4.9895 | 3657.44 | 9.84e-01 | 1.0e-02 |   gas
 11300 |  2.83e+00 |  5.91e+00 | 0.0237 | 0.5000 | 247981.31 | 0.000 | 3.13e-01 | 0.00e+00 | 0.00e+00 | 0.0003 | 0.0000 |  0.750 |  0.000 | 5000003935.10 | 0.0000 | 0.110 | 4.9920 | 3664.26 | 1.00e+00 | 1.0e-02 |   gas
 11325 |  2.11e+00 |  6.22e+00 | 0.0296 | 0.4999 | 247981.31 | 0.000 | 5.07e+00 | 0.00e+00 | 0.00e+00 | 0.0003 | 0.0000 |  0.750 |  0.000 | 5000002815.88 | 0.0000 | 0.111 | 4.9926 | 3657.76 | 9.07e-01 | 1.0e-02 |   gas
 11350 |  1.99e+00 |  7.91e+00 | 0.0178 | 0.5000 | 216323.94 | 0.000 | 0.00e+00 | 0.00e+00 | 0.00e+00 | 0.0001 | 0.0000 |  0.750 |  0.000 | 10000000000.00 | 0.0000 | 0.112 | 4.9942 | 3640.23 | 5.61e-01 | 1.0e-02 |   gas
 11375 |  1.84e+00 |  7.94e+00 | 0.0414 | 0.5000 | 216323.94 | 0.000 | 0.00e+00 | 0.00e+00 | 0.00e+00 | 0.0003 | 0.0000 |  0.750 |  0.000 | 10000000000.00 | 0.0000 | 0.112 | 4.9929 | 3632.06 | 9.92e-01 | 1.0e-02 |   gas
 11400 |  2.06e+00 |  6.94e+00 | 0.0266 | 0.5000 | 206861.81 | 0.000 | 9.51e-01 | 0.00e+00 | 0.00e+00 | 0.0003 | 0.0000 |  0.750 |  0.000 | 5000004098.85 | 0.0000 | 0.112 | 4.9925 | 3627.59 | 1.00e+00 | 1.0e-02 |   gas
       LC=   -inf psi_sp=11.516 F=-255.9 alpha=0.69 hd_gate_sp=0.000 ff_gate_sp=1.000 hd_topo=0.0 ff_topo=0.0 cooper_n=0 gap_r=1.0000
 11425 |  1.68e+00 |  7.87e+00 | 0.0266 | 0.5000 | 206861.81 | 0.000 | 0.00e+00 | 0.00e+00 | 0.00e+00 | 0.0003 | 0.0000 |  0.750 |  0.000 | 10000000000.00 | 0.0000 | 0.113 | 4.9889 | 3619.56 | 9.37e-01 | 1.0e-02 |   gas
 11450 |  1.36e+00 |  1.07e+01 | 0.0118 | 0.5000 | 209242.47 | 0.000 | 1.05e+00 | 0.00e+00 | 0.00e+00 | 0.0001 | 0.0000 |  0.750 |  0.000 | 5000004197.24 | 0.0000 | 0.113 | 4.9905 | 3606.63 | 6.97e-01 | 1.0e-02 |   gas
 11475 |  1.81e+00 |  7.92e+00 | 0.0325 | 0.5000 | 209242.47 | 0.000 | 4.00e+00 | 0.00e+00 | 0.00e+00 | 0.0003 | 0.0000 |  0.750 |  0.000 | 5000007176.78 | 0.0000 | 0.114 | 4.9899 | 3606.47 | 1.00e+00 | 1.0e-02 |   gas
 11500 |  2.91e+00 |  4.14e+00 | 0.0266 | 0.5000 | 285847.97 | 0.000 | 0.00e+00 | 0.00e+00 | 0.00e+00 | 0.0003 | 0.0000 |  0.750 |  0.000 | 10000000000.00 | 0.0000 | 0.109 | 4.9873 | 3666.53 | 1.00e+00 | 1.0e-02 |   gas
 11525 |  2.12e+00 |  5.57e+00 | 0.0473 | 0.5000 | 285847.97 | 0.000 | 0.00e+00 | 0.00e+00 | 0.00e+00 | 0.0003 | 0.0000 |  0.750 |  0.000 | 10000000000.00 | 0.0000 | 0.109 | 4.9915 | 3665.44 | 9.27e-01 | 1.0e-02 |   gas
 11550 |  1.98e+00 |  5.64e+00 | 0.0651 | 0.5000 | 345986.06 | 0.000 | 1.07e+00 | 0.00e+00 | 0.00e+00 | 0.0001 | 0.0000 |  0.750 |  0.000 | 5000004087.29 | 0.0000 | 0.110 | 4.9926 | 3647.66 | 5.87e-01 | 1.0e-02 |   gas
 11575 |  1.82e+00 |  6.63e+00 | 0.0621 | 0.5000 | 345986.06 | 0.000 | 0.00e+00 | 0.00e+00 | 0.00e+00 | 0.0003 | 0.0000 |  0.750 |  0.000 | 10000000000.00 | 0.0000 | 0.111 | 4.9923 | 3632.53 | 9.76e-01 | 1.0e-02 |   gas
 11600 |  1.84e+00 |  6.62e+00 | 0.0503 | 0.5000 | 249963.00 | 0.000 | 8.93e-01 | 0.00e+00 | 0.00e+00 | 0.0003 | 0.0000 |  0.750 |  0.000 | 5000003907.24 | 0.0000 | 0.111 | 4.9896 | 3618.92 | 9.55e-01 | 1.0e-02 |   gas
       LC=   -inf psi_sp=11.424 F=-287.6 alpha=0.69 hd_gate_sp=0.000 ff_gate_sp=1.000 hd_topo=0.0 ff_topo=0.0 cooper_n=0 gap_r=1.0000
 11625 |  2.04e+00 |  6.20e+00 | 0.0414 | 0.5000 | 249963.00 | 0.000 | 0.00e+00 | 0.00e+00 | 0.00e+00 | 0.0053 | 0.0000 |  0.750 |  0.000 | 10000000000.00 | 0.0000 | 0.112 | 4.9870 | 3603.95 | 1.00e+00 | 1.0e-02 |   gas
 11650 |  1.70e+00 |  9.70e+00 | 0.0355 | 0.4999 | 154285.64 | 0.000 | 0.00e+00 | 0.00e+00 | 0.00e+00 | 0.0001 | 0.0000 |  0.750 |  0.000 | 10000000000.00 | 0.0000 | 0.109 | 4.9891 | 3594.70 | 1.00e+00 | 1.0e-02 |   gas
 11675 |  2.21e+00 |  5.53e+00 | 0.0325 | 0.5000 | 154285.64 | 0.000 | 2.09e+00 | 0.00e+00 | 0.00e+00 | 0.0001 | 0.0000 |  0.750 |  0.000 | 5000005053.36 | 0.0000 | 0.110 | 4.9912 | 3615.02 | 7.02e-01 | 1.0e-02 |   gas
 11700 |  1.78e+00 |  7.11e+00 | 0.0385 | 0.5000 | 193598.30 | 0.000 | 2.01e+00 | 0.00e+00 | 0.00e+00 | 0.0002 | 0.0000 |  0.750 |  0.000 | 5000004914.62 | 0.0000 | 0.110 | 4.9895 | 3602.39 | 7.32e-01 | 1.0e-02 |   gas
 11725 |  2.58e+00 |  4.96e+00 | 0.0237 | 0.5000 | 193598.30 | -0.002 | 7.00e+01 | 0.00e+00 | 0.00e+00 | 0.0003 | 0.0000 |  0.750 | -0.002 |  511.27 | 0.0000 | 0.107 | 4.9862 | 3627.49 | 1.00e+00 | 1.0e-02 |   gas
 11750 |  2.03e+00 |  7.43e+00 | 0.0355 | 0.5000 | 285996.81 | 0.000 | 1.49e+00 | 0.00e+00 | 0.00e+00 | 0.0002 | 0.0000 |  0.750 |  0.000 | 5000005233.94 | 0.0000 | 0.106 | 4.9924 | 3631.79 | 1.00e+00 | 1.0e-02 |   gas
 11775 |  2.08e+00 |  6.16e+00 | 0.0296 | 0.5000 | 285996.81 | -0.001 | 2.55e+00 | 0.00e+00 | 0.00e+00 | 0.0003 | 0.0000 |  0.750 | -0.001 | 4999999512.37 | 0.0000 | 0.107 | 4.9935 | 3655.98 | 1.00e+00 | 1.0e-02 |   gas
 11800 |  1.86e+00 |  7.82e+00 | 0.0266 | 0.5000 | 330794.62 | 0.000 | 0.00e+00 | 0.00e+00 | 0.00e+00 | 0.0003 | 0.0000 |  0.750 |  0.000 | 10000000000.00 | 0.0000 | 0.108 | 4.9914 | 3639.24 | 1.00e+00 | 1.0e-02 |   gas
       LC=   -inf psi_sp=11.823 F=-251.3 alpha=0.69 hd_gate_sp=0.000 ff_gate_sp=1.000 hd_topo=0.0 ff_topo=0.0 cooper_n=0 gap_r=1.0000
 11825 |  2.81e+00 |  5.07e+00 | 0.0503 | 0.5000 | 330794.62 | 0.000 | 0.00e+00 | 0.00e+00 | 0.00e+00 | 0.0002 | 0.0000 |  0.750 |  0.000 | 10000000000.00 | 0.0000 | 0.109 | 4.9897 | 3623.32 | 7.73e-01 | 1.0e-02 |   gas
 11850 |  1.63e+00 |  7.37e+00 | 0.0296 | 0.5000 | 258862.59 | 0.000 | 0.00e+00 | 0.00e+00 | 0.00e+00 | 0.0002 | 0.0000 |  0.750 |  0.000 | 10000000000.00 | 0.0000 | 0.110 | 4.9909 | 3603.57 | 7.31e-01 | 1.0e-02 |   gas
 11875 |  1.75e+00 |  7.16e+00 | 0.0237 | 0.5000 | 258862.59 | 0.000 | 0.00e+00 | 0.00e+00 | 0.00e+00 | 0.0003 | 0.0000 |  0.750 |  0.000 | 10000000000.00 | 0.0000 | 0.111 | 4.9901 | 3588.58 | 9.96e-01 | 1.0e-02 |   gas
 11900 |  3.02e+00 |  6.66e+00 | 0.0178 | 0.4999 | 271734.75 | 0.000 | 0.00e+00 | 0.00e+00 | 0.00e+00 | 0.0003 | 0.0000 |  0.750 |  0.000 | 10000000000.00 | 0.0000 | 0.112 | 4.9849 | 3571.65 | 1.00e+00 | 1.0e-02 |   gas
 11925 |  1.67e+00 |  7.44e+00 | 0.0296 | 0.5000 | 271734.75 | 0.000 | 0.00e+00 | 0.00e+00 | 0.00e+00 | 0.0001 | 0.0000 |  0.750 |  0.000 | 10000000000.00 | 0.0000 | 0.113 | 4.9877 | 3553.45 | 5.95e-01 | 1.0e-02 |   gas
 11950 |  2.68e+00 |  4.69e+00 | 0.0178 | 0.5000 | 272796.75 | 0.000 | 0.00e+00 | 0.00e+00 | 0.00e+00 | 0.0003 | 0.0000 |  0.750 |  0.000 | 10000000000.00 | 0.0000 | 0.111 | 4.9865 | 3568.41 | 9.06e-01 | 1.0e-02 |   gas
 11975 |  2.36e+00 |  5.20e+00 | 0.0237 | 0.5000 | 272796.75 | -0.000 | 4.05e-01 | 0.00e+00 | 0.00e+00 | 0.0003 | 0.0000 |  0.750 | -0.000 | 4999998049.48 | 0.0000 | 0.109 | 4.9933 | 3589.98 | 9.61e-01 | 1.0e-02 |   gas
 12000 |  2.37e+00 |  5.00e+00 | 0.0207 | 0.4999 | 200121.16 | 0.000 | 7.30e+00 | 0.00e+00 | 0.00e+00 | 0.0003 | 0.0000 |  0.750 |  0.000 | 5000011565.83 | 0.0000 | 0.110 | 4.9900 | 3576.84 | 9.28e-01 | 1.0e-02 |   gas
       LC=   -inf psi_sp=11.533 F=-238.4 alpha=0.69 hd_gate_sp=0.000 ff_gate_sp=1.000 hd_topo=0.0 ff_topo=0.0 cooper_n=0 gap_r=1.0000
 12025 |  2.16e+00 |  6.49e+00 | 0.0059 | 0.5000 | 200121.16 | 0.000 | 0.00e+00 | 0.00e+00 | 0.00e+00 | 0.0003 | 0.0000 |  0.750 |  0.000 | 10000000000.00 | 0.0000 | 0.111 | 4.9876 | 3558.39 | 1.00e+00 | 1.0e-02 |   gas
 12050 |  2.66e+00 |  5.48e+00 | 0.0503 | 0.5000 | 223535.62 | 0.000 | 0.00e+00 | 0.00e+00 | 0.00e+00 | 0.0002 | 0.0000 |  0.750 |  0.000 | 10000000000.00 | 0.0000 | 0.109 | 4.9849 | 3558.05 | 8.13e-01 | 1.0e-02 |   gas
 12075 |  2.43e+00 |  4.86e+00 | 0.0059 | 0.5000 | 223535.62 | -0.000 | 8.85e-01 | 0.00e+00 | 0.00e+00 | 0.0003 | 0.0000 |  0.750 | -0.000 | 4999998049.48 | 0.0000 | 0.109 | 4.9834 | 3546.80 | 1.00e+00 | 1.0e-02 |   gas
 12100 |  2.99e+00 |  5.01e+00 | 0.0178 | 0.4999 | 274194.03 | 0.000 | 4.93e+00 | 0.00e+00 | 0.00e+00 | 0.0003 | 0.0000 |  0.750 |  0.000 | 5000002688.54 | 0.0000 | 0.108 | 4.9860 | 3537.42 | 1.00e+00 | 1.0e-02 |   gas
 12125 |  2.39e+00 |  5.43e+00 | 0.0118 | 0.5000 | 274194.03 | -0.000 | 2.20e-07 | 0.00e+00 | 0.00e+00 | 0.0001 | 0.0000 |  0.750 | -0.000 | 4994457422.38 | 0.0000 | 0.109 | 4.9875 | 3550.84 | 6.67e-01 | 1.0e-02 |   gas
 12150 |  2.92e+00 |  4.82e+00 | 0.0089 | 0.4999 | 308676.62 | 0.000 | 4.54e+00 | 0.00e+00 | 0.00e+00 | 0.0003 | 0.0000 |  0.750 |  0.000 | 5000007832.98 | 0.0000 | 0.109 | 4.9757 | 3536.55 | 1.00e+00 | 1.0e-02 |   gas
 12175 |  2.38e+00 |  5.41e+00 | 0.0030 | 0.5000 | 308676.62 | 0.000 | 8.66e+00 | 0.00e+00 | 0.00e+00 | 0.0001 | 0.0000 |  0.750 |  0.000 | 5000013257.79 | 0.0000 | 0.110 | 4.9778 | 3519.40 | 7.02e-01 | 1.0e-02 |   gas
 12200 |  2.03e+00 |  6.37e+00 | 0.0059 | 0.5000 | 266365.72 | 0.000 | 1.37e+00 | 0.00e+00 | 0.00e+00 | 0.0001 | 0.0000 |  0.750 |  0.000 | 5000004388.49 | 0.0000 | 0.111 | 4.9728 | 3503.41 | 6.62e-01 | 1.0e-02 |   gas
       LC=   -inf psi_sp=11.129 F=-238.1 alpha=0.69 hd_gate_sp=0.000 ff_gate_sp=1.000 hd_topo=0.0 ff_topo=0.0 cooper_n=0 gap_r=1.0000
 12225 |  2.40e+00 |  5.55e+00 | 0.0296 | 0.4999 | 266365.72 | 0.000 | 2.12e+00 | 0.00e+00 | 0.00e+00 | 0.0003 | 0.0000 |  0.750 |  0.000 | 5000002104.36 | 0.0000 | 0.109 | 4.9634 | 3507.83 | 1.00e+00 | 1.0e-02 |   gas
 12250 |  2.23e+00 |  6.03e+00 | 0.0118 | 0.5000 | 256826.84 | 0.000 | 0.00e+00 | 0.00e+00 | 0.00e+00 | 0.0002 | 0.0000 |  0.750 |  0.000 | 10000000000.00 | 0.0000 | 0.109 | 4.9626 | 3501.50 | 7.55e-01 | 1.0e-02 |   gas
 12275 |  2.03e+00 |  5.84e+00 | 0.0178 | 0.5000 | 256826.84 | 0.000 | 0.00e+00 | 0.00e+00 | 0.00e+00 | 0.0003 | 0.0000 |  0.750 |  0.000 | 10000000000.00 | 0.0000 | 0.110 | 4.9478 | 3488.96 | 1.00e+00 | 1.0e-02 |   gas
 12300 |  2.31e+00 |  6.27e+00 | 0.0178 | 0.5000 | 300358.19 | 0.000 | 5.34e-01 | 0.00e+00 | 0.00e+00 | 0.0003 | 0.0000 |  0.750 |  0.000 | 5000005090.68 | 0.0000 | 0.108 | 4.9380 | 3475.62 | 1.00e+00 | 1.0e-02 |   gas
 12325 |  2.07e+00 |  6.51e+00 | 0.0237 | 0.4999 | 300358.19 | 0.000 | 4.83e-02 | 0.00e+00 | 0.00e+00 | 0.0002 | 0.0000 |  0.750 |  0.000 | 5000001101.16 | 0.0000 | 0.107 | 4.9734 | 3503.53 | 8.10e-01 | 1.0e-02 |   gas
 12350 |  2.63e+00 |  5.98e+00 | 0.0089 | 0.5000 | 255610.09 | 0.000 | 0.00e+00 | 0.00e+00 | 0.00e+00 | 0.0002 | 0.0000 |  0.750 |  0.000 | 10000000000.00 | 0.0000 | 0.108 | 4.9743 | 3517.90 | 7.45e-01 | 1.0e-02 |   gas
 12375 |  2.00e+00 |  7.24e+00 | 0.0237 | 0.5000 | 255610.09 | 0.000 | 0.00e+00 | 0.00e+00 | 0.00e+00 | 0.0003 | 0.0000 |  0.750 |  0.000 | 10000000000.00 | 0.0000 | 0.109 | 4.9712 | 3503.36 | 1.00e+00 | 1.0e-02 |   gas
 12400 |  2.52e+00 |  5.73e+00 | 0.0178 | 0.5000 | 280546.22 | 0.000 | 0.00e+00 | 0.00e+00 | 0.00e+00 | 0.0003 | 0.0000 |  0.750 |  0.000 | 10000000000.00 | 0.0000 | 0.109 | 4.9612 | 3493.11 | 1.00e+00 | 1.0e-02 |   gas
       LC=   -inf psi_sp=11.045 F=-243.6 alpha=0.69 hd_gate_sp=0.000 ff_gate_sp=1.000 hd_topo=0.0 ff_topo=0.0 cooper_n=0 gap_r=1.0000
 12425 |  2.76e+00 |  6.46e+00 | 0.0207 | 0.5000 | 280546.22 | 0.000 | 1.26e+00 | 0.00e+00 | 0.00e+00 | 0.0003 | 0.0000 |  0.750 |  0.000 | 5000004091.87 | 0.0000 | 0.111 | 4.9440 | 3477.77 | 1.00e+00 | 1.0e-02 |   gas
 12450 |  2.24e+00 |  5.96e+00 | 0.0325 | 0.5000 | 324671.25 | 0.000 | 0.00e+00 | 0.00e+00 | 0.00e+00 | 0.0002 | 0.0000 |  0.750 |  0.000 | 10000000000.00 | 0.0000 | 0.110 | 4.9263 | 3469.34 | 8.20e-01 | 1.0e-02 |   gas
 12475 |  2.60e+00 |  7.48e+00 | 0.0414 | 0.5000 | 324671.25 | 0.001 | 4.23e-02 | 0.00e+00 | 0.00e+00 | 0.0002 | 0.0000 |  0.750 |  0.001 | 5000000442.84 | 0.0000 | 0.108 | 4.9244 | 3459.30 | 1.00e+00 | 1.0e-02 |   gas
 12500 |  3.19e+00 |  3.82e+00 | 0.0414 | 0.5000 | 279447.62 | 0.000 | 9.40e-09 | 0.00e+00 | 0.00e+00 | 0.0003 | 0.0000 |  0.750 |  0.000 | 5011052450.43 | 0.0000 | 0.107 | 4.9622 | 3513.12 | 9.79e-01 | 1.0e-02 |   gas
 12525 |  2.67e+00 |  4.74e+00 | 0.0266 | 0.5000 | 279447.62 | 0.000 | 0.00e+00 | 0.00e+00 | 0.00e+00 | 0.0003 | 0.0000 |  0.750 |  0.000 | 10000000000.00 | 0.0000 | 0.108 | 4.9641 | 3495.27 | 9.92e-01 | 1.0e-02 |   gas
 12550 |  2.78e+00 |  5.14e+00 | 0.0237 | 0.4999 | 313825.88 | 0.000 | 0.00e+00 | 0.00e+00 | 0.00e+00 | 0.0004 | 0.0000 |  0.750 |  0.000 | 10000000000.00 | 0.0000 | 0.109 | 4.9403 | 3474.75 | 1.00e+00 | 1.0e-02 |   gas
 12575 |  3.14e+00 |  4.49e+00 | 0.0178 | 0.5000 | 313825.88 | 0.000 | 1.60e+01 | 0.00e+00 | 0.00e+00 | 0.0003 | 0.0000 |  0.750 |  0.000 | 5000041610.83 | 0.0000 | 0.108 | 4.9204 | 3467.97 | 1.00e+00 | 1.0e-02 |   gas
 12600 |  2.69e+00 |  4.66e+00 | 0.0178 | 0.5000 | 293850.69 | -0.000 | 1.58e-13 | 0.00e+00 | 0.00e+00 | 0.0002 | 0.0000 |  0.750 | -0.000 | -10499626059.68 | 0.0000 | 0.109 | 4.9114 | 3465.71 | 7.44e-01 | 1.0e-02 |   gas
       LC=   -inf psi_sp=10.922 F=-239.9 alpha=0.69 hd_gate_sp=0.000 ff_gate_sp=1.000 hd_topo=0.0 ff_topo=0.0 cooper_n=0 gap_r=1.0000
 12625 |  2.23e+00 |  5.76e+00 | 0.0118 | 0.5000 | 293850.69 | 0.000 | 0.00e+00 | 0.00e+00 | 0.00e+00 | 0.0001 | 0.0000 |  0.750 |  0.000 | 10000000000.00 | 0.0000 | 0.110 | 4.9014 | 3448.03 | 6.41e-01 | 1.0e-02 |   gas
 12650 |  2.43e+00 |  5.60e+00 | 0.0266 | 0.5000 | 248085.73 | 0.000 | 0.00e+00 | 0.00e+00 | 0.00e+00 | 0.0007 | 0.0000 |  0.750 |  0.000 | 10000000000.00 | 0.0000 | 0.110 | 4.8924 | 3434.21 | 1.00e+00 | 1.0e-02 |   gas
 12675 |  1.95e+00 |  7.27e+00 | 0.0266 | 0.5000 | 248085.73 | -0.000 | 3.45e-09 | 0.00e+00 | 0.00e+00 | 0.0001 | 0.0000 |  0.750 | -0.000 | 4955302993.01 | 0.0000 | 0.111 | 4.8816 | 3425.65 | 6.04e-01 | 1.0e-02 |   gas
 12700 |  3.00e+00 |  4.63e+00 | 0.0266 | 0.5000 | 202601.91 | 0.000 | 0.00e+00 | 0.00e+00 | 0.00e+00 | 0.0003 | 0.0000 |  0.750 |  0.000 | 10000000000.00 | 0.0000 | 0.110 | 4.9307 | 3463.08 | 1.00e+00 | 1.0e-02 |   gas
 12725 |  2.74e+00 |  4.59e+00 | 0.0355 | 0.5000 | 202601.91 | -0.018 | 4.57e+03 | 0.00e+00 | 0.00e+00 | 0.0003 | 0.0000 |  0.754 | -0.018 | 4999999986.07 | 0.0000 | 0.108 | 4.9482 | 3485.82 | 1.00e+00 | 1.0e-02 |   gas
 12750 |  2.08e+00 |  5.99e+00 | 0.0178 | 0.5000 | 181867.69 | 0.000 | 0.00e+00 | 0.00e+00 | 0.00e+00 | 0.0001 | 0.0000 |  0.750 |  0.000 | 10000000000.00 | 0.0000 | 0.108 | 4.9453 | 3475.04 | 6.46e-01 | 1.0e-02 |   gas
 12775 |  1.86e+00 |  5.94e+00 | 0.0207 | 0.5000 | 181867.69 | 0.000 | 0.00e+00 | 0.00e+00 | 0.00e+00 | 0.0002 | 0.0000 |  0.750 |  0.000 | 10000000000.00 | 0.0000 | 0.109 | 4.9259 | 3464.11 | 7.35e-01 | 1.0e-02 |   gas
 12800 |  2.52e+00 |  4.72e+00 | 0.0266 | 0.5000 | 190570.19 | 0.000 | 0.00e+00 | 0.00e+00 | 0.00e+00 | 0.0001 | 0.0000 |  0.750 |  0.000 | 10000000000.00 | 0.0000 | 0.108 | 4.9474 | 3481.05 | 6.69e-01 | 1.0e-02 |   gas
       LC=   -inf psi_sp=10.978 F=-258.1 alpha=0.69 hd_gate_sp=0.000 ff_gate_sp=1.000 hd_topo=0.0 ff_topo=0.0 cooper_n=0 gap_r=1.0000
 12825 |  3.11e+00 |  5.47e+00 | 0.0266 | 0.5000 | 190570.19 | -0.024 | 2.79e+03 | 0.00e+00 | 0.00e+00 | 0.0003 | 0.0000 |  0.758 | -0.024 | 4999999989.68 | 0.0000 | 0.109 | 4.9621 | 3494.76 | 1.00e+00 | 1.0e-02 |   gas
 12850 |  3.15e+00 |  5.35e+00 | 0.0296 | 0.5000 | 224473.84 | -0.004 | 2.31e+01 | 0.00e+00 | 0.00e+00 | 0.0003 | 0.0000 |  0.750 | -0.004 | 2776.88 | 0.0000 | 0.110 | 4.9629 | 3489.71 | 1.00e+00 | 1.0e-02 |   gas
 12875 |  1.99e+00 |  5.96e+00 | 0.0178 | 0.5000 | 224473.84 | -0.002 | 8.12e+00 | 0.00e+00 | 0.00e+00 | 0.0002 | 0.0000 |  0.751 | -0.002 | 4999999891.64 | 0.0000 | 0.111 | 4.9415 | 3475.13 | 7.74e-01 | 1.0e-02 |   gas
 12900 |  2.00e+00 |  6.98e+00 | 0.0178 | 0.5000 | 313230.81 | -0.002 | 1.33e+01 | 0.00e+00 | 0.00e+00 | 0.0003 | 0.0000 |  0.750 | -0.002 |  953.72 | 0.0000 | 0.112 | 4.9090 | 3461.88 | 1.00e+00 | 1.0e-02 |   gas
 12925 |  2.16e+00 |  7.31e+00 | 0.0089 | 0.5000 | 313230.81 | -0.004 | 1.55e+01 | 0.00e+00 | 0.00e+00 | 0.0003 | 0.0000 |  0.750 | -0.004 | 4999999944.27 | 0.0000 | 0.109 | 4.8867 | 3455.40 | 1.00e+00 | 1.0e-02 |   gas
 12950 |  2.55e+00 |  7.91e+00 | 0.0148 | 0.5000 | 286489.31 | 0.000 | 0.00e+00 | 0.00e+00 | 0.00e+00 | 0.0003 | 0.0000 |  0.750 |  0.000 | 10000000000.00 | 0.0000 | 0.102 | 4.9004 | 3516.09 | 1.00e+00 | 1.0e-02 |   gas
 12975 |  2.66e+00 |  4.26e+00 | 0.0148 | 0.5000 | 286489.31 | 0.000 | 3.56e+00 | 0.00e+00 | 0.00e+00 | 0.0003 | 0.0000 |  0.750 |  0.000 | 5000002587.77 | 0.0000 | 0.100 | 4.9611 | 3576.95 | 1.00e+00 | 1.0e-02 |   gas
 13000 |  3.43e+00 |  5.05e+00 | 0.0207 | 0.5000 | 296817.69 | 0.000 | 0.00e+00 | 0.00e+00 | 0.00e+00 | 0.0003 | 0.0000 |  0.750 |  0.000 | 10000000000.00 | 0.0000 | 0.100 | 4.9716 | 3569.91 | 1.00e+00 | 1.0e-02 |   gas
       LC=   -inf psi_sp=11.374 F=-242.6 alpha=0.69 hd_gate_sp=0.000 ff_gate_sp=1.000 hd_topo=0.0 ff_topo=0.0 cooper_n=0 gap_r=0.9978
 13025 |  1.92e+00 |  5.76e+00 | 0.0148 | 0.5000 | 296817.69 | 0.000 | 8.91e-01 | 0.00e+00 | 0.00e+00 | 0.0002 | 0.0000 |  0.750 |  0.000 | 5000003903.79 | 0.0000 | 0.102 | 4.9796 | 3558.64 | 7.88e-01 | 1.0e-02 |   gas
 13050 |  1.82e+00 |  6.57e+00 | 0.0059 | 0.5000 | 271651.84 | 0.000 | 2.21e+00 | 0.00e+00 | 0.00e+00 | 0.0001 | 0.0000 |  0.750 |  0.000 | 5000004932.29 | 0.0000 | 0.104 | 4.9794 | 3542.54 | 7.02e-01 | 1.0e-02 |   gas
 13075 |  1.89e+00 |  7.64e+00 | 0.0059 | 0.5000 | 271651.84 | 0.000 | 0.00e+00 | 0.00e+00 | 0.00e+00 | 0.0003 | 0.0000 |  0.750 |  0.000 | 10000000000.00 | 0.0000 | 0.106 | 4.9787 | 3526.43 | 8.99e-01 | 1.0e-02 |   gas
 13100 |  3.10e+00 |  7.24e+00 | 0.0148 | 0.5000 | 207993.09 | 0.000 | 0.00e+00 | 0.00e+00 | 0.00e+00 | 0.0003 | 0.0000 |  0.750 |  0.000 | 10000000000.00 | 0.0000 | 0.108 | 4.9746 | 3519.23 | 1.00e+00 | 1.0e-02 |   gas
 13125 |  1.82e+00 |  7.33e+00 | 0.0118 | 0.5000 | 207993.09 | 0.000 | 0.00e+00 | 0.00e+00 | 0.00e+00 | 0.0002 | 0.0000 |  0.750 |  0.000 | 10000000000.00 | 0.0000 | 0.108 | 4.9632 | 3504.05 | 7.22e-01 | 1.0e-02 |   gas
 13150 |  1.81e+00 |  7.45e+00 | 0.0089 | 0.5000 | 257639.36 | 0.000 | 1.26e+01 | 0.00e+00 | 0.00e+00 | 0.0003 | 0.0000 |  0.750 |  0.000 | 5000003618.58 | 0.0000 | 0.105 | 4.9484 | 3490.51 | 9.85e-01 | 1.0e-02 |   gas
 13175 |  1.75e+00 |  7.42e+00 | 0.0178 | 0.4999 | 257639.36 | -0.000 | 1.38e-08 | 0.00e+00 | 0.00e+00 | 0.0003 | 0.0000 |  0.750 | -0.000 | 4977751623.71 | 0.0000 | 0.104 | 4.9598 | 3498.10 | 1.00e+00 | 1.0e-02 |   gas
 13200 |  1.51e+00 |  8.28e+00 | 0.0118 | 0.5000 | 275854.62 | 0.000 | 7.08e+00 | 0.00e+00 | 0.00e+00 | 0.0001 | 0.0000 |  0.750 |  0.000 | 5000002852.56 | 0.0000 | 0.104 | 4.9655 | 3492.62 | 5.83e-01 | 1.0e-02 |   gas
       LC=   -inf psi_sp=11.115 F=-229.9 alpha=0.69 hd_gate_sp=0.000 ff_gate_sp=1.000 hd_topo=0.0 ff_topo=0.0 cooper_n=0 gap_r=0.9992
 13225 |  1.72e+00 |  6.89e+00 | 0.0148 | 0.5000 | 275854.62 | 0.000 | 0.00e+00 | 0.00e+00 | 0.00e+00 | 0.0001 | 0.0000 |  0.750 |  0.000 | 10000000000.00 | 0.0000 | 0.106 | 4.9758 | 3494.02 | 6.56e-01 | 1.0e-02 |   gas
 13250 |  1.81e+00 |  7.97e+00 | 0.0237 | 0.5000 | 195266.17 | 0.000 | 2.18e+01 | 0.00e+00 | 0.00e+00 | 0.0003 | 0.0000 |  0.750 |  0.000 | 5000071332.42 | 0.0000 | 0.108 | 4.9718 | 3482.44 | 1.00e+00 | 1.0e-02 |   gas
 13275 |  1.98e+00 |  7.01e+00 | 0.0325 | 0.5000 | 195266.17 | 0.000 | 0.00e+00 | 0.00e+00 | 0.00e+00 | 0.0002 | 0.0000 |  0.750 |  0.000 | 10000000000.00 | 0.0000 | 0.107 | 4.9673 | 3479.69 | 8.76e-01 | 1.0e-02 |   gas
 13300 |  1.82e+00 |  8.09e+00 | 0.0325 | 0.5000 | 141652.33 | 0.000 | 1.42e+00 | 0.00e+00 | 0.00e+00 | 0.0001 | 0.0000 |  0.750 |  0.000 | 5000004386.86 | 0.0000 | 0.108 | 4.9700 | 3470.62 | 7.17e-01 | 1.0e-02 |   gas
 13325 |  1.91e+00 |  5.70e+00 | 0.0355 | 0.5000 | 141652.33 | 0.000 | 0.00e+00 | 0.00e+00 | 0.00e+00 | 0.0002 | 0.0000 |  0.750 |  0.000 | 10000000000.00 | 0.0000 | 0.106 | 4.9764 | 3482.47 | 8.34e-01 | 1.0e-02 |   gas
 13350 |  1.85e+00 |  6.73e+00 | 0.0207 | 0.5000 | 164467.14 | 0.000 | 0.00e+00 | 0.00e+00 | 0.00e+00 | 0.0003 | 0.0000 |  0.750 |  0.000 | 10000000000.00 | 0.0000 | 0.107 | 4.9755 | 3472.49 | 1.00e+00 | 1.0e-02 |   gas
 13375 |  1.85e+00 |  6.59e+00 | 0.0178 | 0.5000 | 164467.14 | 0.000 | 0.00e+00 | 0.00e+00 | 0.00e+00 | 0.0003 | 0.0000 |  0.750 |  0.000 | 10000000000.00 | 0.0000 | 0.108 | 4.9729 | 3462.49 | 1.00e+00 | 1.0e-02 |   gas
 13400 |  2.31e+00 |  6.47e+00 | 0.0444 | 0.4999 | 225896.97 | 0.000 | 2.40e+00 | 0.00e+00 | 0.00e+00 | 0.0002 | 0.0000 |  0.750 |  0.000 | 5000005294.64 | 0.0000 | 0.108 | 4.9704 | 3474.74 | 8.41e-01 | 1.0e-02 |   gas
       LC=   -inf psi_sp=10.830 F=-241.3 alpha=0.69 hd_gate_sp=0.000 ff_gate_sp=1.000 hd_topo=0.0 ff_topo=0.0 cooper_n=0 gap_r=0.9999
 13425 |  1.78e+00 |  6.72e+00 | 0.0118 | 0.5000 | 225896.97 | 0.000 | 4.27e+00 | 0.00e+00 | 0.00e+00 | 0.0002 | 0.0000 |  0.750 |  0.000 | 5000007475.57 | 0.0000 | 0.108 | 4.9759 | 3471.56 | 7.47e-01 | 1.0e-02 |   gas
 13450 |  1.76e+00 |  7.88e+00 | 0.0030 | 0.5000 | 216283.81 | 0.000 | 1.08e+01 | 0.00e+00 | 0.00e+00 | 0.0001 | 0.0000 |  0.750 |  0.000 | -271767087.43 | 0.0000 | 0.109 | 4.9701 | 3461.90 | 5.92e-01 | 1.0e-02 |   gas
 13475 |  1.64e+00 |  8.28e+00 | 0.0118 | 0.5000 | 216283.81 | 0.000 | 2.61e+00 | 0.00e+00 | 0.00e+00 | 0.0002 | 0.0000 |  0.750 |  0.000 | 5000002138.25 | 0.0000 | 0.110 | 4.9613 | 3453.01 | 8.26e-01 | 1.0e-02 |   gas
 13500 |  1.48e+00 |  8.09e+00 | 0.0178 | 0.5000 | 172394.31 | 0.000 | 1.48e+00 | 0.00e+00 | 0.00e+00 | 0.0001 | 0.0000 |  0.750 |  0.000 | 5000004445.95 | 0.0000 | 0.110 | 4.9623 | 3445.18 | 6.00e-01 | 1.0e-02 |   gas
 13525 |  2.95e+00 |  4.21e+00 | 0.0266 | 0.5000 | 172394.31 | 0.000 | 0.00e+00 | 0.00e+00 | 0.00e+00 | 0.0003 | 0.0000 |  0.750 |  0.000 | 10000000000.00 | 0.0000 | 0.107 | 4.9601 | 3468.12 | 9.19e-01 | 1.0e-02 |   gas
 13550 |  2.28e+00 |  5.21e+00 | 0.0237 | 0.4999 | 197770.27 | 0.000 | 0.00e+00 | 0.00e+00 | 0.00e+00 | 0.0002 | 0.0000 |  0.750 |  0.000 | 10000000000.00 | 0.0000 | 0.109 | 4.9605 | 3456.48 | 8.25e-01 | 1.0e-02 |   gas
 13575 |  1.82e+00 |  6.27e+00 | 0.0296 | 0.5000 | 197770.27 | 0.000 | 1.08e+00 | 0.00e+00 | 0.00e+00 | 0.0002 | 0.0000 |  0.750 |  0.000 | 5000003817.88 | 0.0000 | 0.110 | 4.9618 | 3440.10 | 8.31e-01 | 1.0e-02 |   gas
 13600 |  2.33e+00 |  5.53e+00 | 0.0148 | 0.5000 | 220021.64 | 0.000 | 1.45e+01 | 0.00e+00 | 0.00e+00 | 0.0003 | 0.0000 |  0.750 |  0.000 | 5000000864.86 | 0.0000 | 0.110 | 4.9477 | 3431.95 | 1.00e+00 | 1.0e-02 |   gas
       LC=   -inf psi_sp=10.871 F=-224.1 alpha=0.69 hd_gate_sp=0.000 ff_gate_sp=1.000 hd_topo=0.0 ff_topo=0.0 cooper_n=0 gap_r=1.0000
 13625 |  2.14e+00 |  6.37e+00 | 0.0148 | 0.5000 | 220021.64 | 0.000 | 0.00e+00 | 0.00e+00 | 0.00e+00 | 0.0003 | 0.0000 |  0.750 |  0.000 | 10000000000.00 | 0.0000 | 0.111 | 4.9425 | 3418.27 | 1.00e+00 | 1.0e-02 |   gas
 13650 |  2.39e+00 |  4.38e+00 | 0.0325 | 0.5000 | 217444.62 | 0.000 | 4.81e+00 | 0.00e+00 | 0.00e+00 | 0.0001 | 0.0000 |  0.750 |  0.000 | 5000001046.23 | 0.0000 | 0.110 | 4.9505 | 3419.82 | 6.35e-01 | 1.0e-02 |   gas
 13675 |  1.95e+00 |  6.04e+00 | 0.0178 | 0.5000 | 217444.62 | 0.000 | 0.00e+00 | 0.00e+00 | 0.00e+00 | 0.0001 | 0.0000 |  0.750 |  0.000 | 10000000000.00 | 0.0000 | 0.111 | 4.9526 | 3415.42 | 6.67e-01 | 1.0e-02 |   gas
 13700 |  1.97e+00 |  5.19e+00 | 0.0562 | 0.4999 | 241225.05 | 0.000 | 2.75e+00 | 0.00e+00 | 0.00e+00 | 0.0003 | 0.0000 |  0.750 |  0.000 | 5000005714.52 | 0.0000 | 0.111 | 4.9451 | 3406.31 | 1.00e+00 | 1.0e-02 |   gas
 13725 |  2.38e+00 |  6.92e+00 | 0.0237 | 0.5000 | 241225.05 | 0.000 | 4.95e+00 | 0.00e+00 | 0.00e+00 | 0.0003 | 0.0000 |  0.750 |  0.000 | 5000001781.45 | 0.0000 | 0.110 | 4.9516 | 3410.52 | 1.00e+00 | 1.0e-02 |   gas
 13750 |  2.52e+00 |  5.19e+00 | 0.0296 | 0.5000 | 243562.97 | -0.001 | 3.18e+01 | 0.00e+00 | 0.00e+00 | 0.0003 | 0.0000 |  0.750 | -0.001 | 4999999823.19 | 0.0000 | 0.109 | 4.9756 | 3444.90 | 1.00e+00 | 1.0e-02 |   gas
 13775 |  2.92e+00 |  5.91e+00 | 0.0325 | 0.5000 | 243562.97 | 0.001 | 1.91e+00 | 0.00e+00 | 0.00e+00 | 0.0003 | 0.0000 |  0.750 |  0.001 | 5000000468.35 | 0.0000 | 0.108 | 4.9797 | 3448.91 | 1.00e+00 | 1.0e-02 |   gas
 13800 |  2.30e+00 |  6.66e+00 | 0.0266 | 0.5000 | 179825.05 | -0.014 | 2.62e+02 | 0.00e+00 | 0.00e+00 | 0.0002 | 0.0000 |  0.753 | -0.014 | 4999999982.74 | 0.0000 | 0.105 | 4.9918 | 3500.37 | 7.89e-01 | 1.0e-02 |   gas
       LC=   -inf psi_sp=11.014 F=-253.7 alpha=0.69 hd_gate_sp=0.000 ff_gate_sp=1.000 hd_topo=0.0 ff_topo=0.0 cooper_n=0 gap_r=0.9997
 13825 |  2.32e+00 |  5.42e+00 | 0.0207 | 0.5000 | 179825.05 | 0.000 | 0.00e+00 | 0.00e+00 | 0.00e+00 | 0.0002 | 0.0000 |  0.750 |  0.000 | 10000000000.00 | 0.0000 | 0.105 | 4.9891 | 3496.98 | 8.54e-01 | 1.0e-02 |   gas
 13850 |  1.72e+00 |  6.85e+00 | 0.0296 | 0.5000 | 189958.66 | 0.000 | 0.00e+00 | 0.00e+00 | 0.00e+00 | 0.0001 | 0.0000 |  0.750 |  0.000 | 10000000000.00 | 0.0000 | 0.107 | 4.9877 | 3479.59 | 5.71e-01 | 1.0e-02 |   gas
 13875 |  1.66e+00 |  6.78e+00 | 0.0266 | 0.5000 | 189958.66 | 0.000 | 1.51e+00 | 0.00e+00 | 0.00e+00 | 0.0001 | 0.0000 |  0.750 |  0.000 | 5000004452.27 | 0.0000 | 0.108 | 4.9866 | 3465.47 | 6.73e-01 | 1.0e-02 |   gas
 13900 |  1.79e+00 |  8.42e+00 | 0.0148 | 0.5000 | 148138.17 | 0.000 | 5.39e-11 | 0.00e+00 | 0.00e+00 | 0.0002 | 0.0000 |  0.750 |  0.000 | 5330960259.71 | 0.0000 | 0.109 | 4.9857 | 3451.82 | 7.81e-01 | 1.0e-02 |   gas
 13925 |  1.54e+00 |  8.23e+00 | 0.0178 | 0.5000 | 148138.17 | 0.000 | 0.00e+00 | 0.00e+00 | 0.00e+00 | 0.0002 | 0.0000 |  0.750 |  0.000 | 10000000000.00 | 0.0000 | 0.109 | 4.9824 | 3437.87 | 7.56e-01 | 1.0e-02 |   gas
 13950 |  2.47e+00 |  6.82e+00 | 0.0444 | 0.5000 | 127282.12 | 0.000 | 0.00e+00 | 0.00e+00 | 0.00e+00 | 0.0003 | 0.0000 |  0.750 |  0.000 | 10000000000.00 | 0.0000 | 0.108 | 4.9798 | 3429.57 | 9.22e-01 | 1.0e-02 |   gas
 13975 |  3.23e+00 |  6.45e+00 | 0.0385 | 0.5000 | 127282.12 | 0.000 | 1.54e+00 | 0.00e+00 | 0.00e+00 | 0.0003 | 0.0000 |  0.750 |  0.000 | 5000002785.04 | 0.0000 | 0.104 | 4.9755 | 3469.88 | 1.00e+00 | 1.0e-02 |   gas
 14000 |  2.79e+00 |  4.27e+00 | 0.0118 | 0.5000 | 280376.25 | -0.037 | 4.71e+02 | 0.00e+00 | 0.00e+00 | 0.0001 | 0.0000 |  0.760 | -0.037 | 4999999993.27 | 0.0000 | 0.101 | 4.9900 | 3516.61 | 6.07e-01 | 1.0e-02 |   gas
       LC=   -inf psi_sp=11.188 F=-232.7 alpha=0.69 hd_gate_sp=0.000 ff_gate_sp=1.000 hd_topo=0.0 ff_topo=0.0 cooper_n=0 gap_r=0.9988
 14025 |  2.63e+00 |  4.39e+00 | 0.0355 | 0.5000 | 280376.25 | -0.000 | 2.23e+01 | 0.00e+00 | 0.00e+00 | 0.0003 | 0.0000 |  0.750 | -0.000 | 4999999101.40 | 0.0000 | 0.101 | 4.9869 | 3503.91 | 1.00e+00 | 1.0e-02 |   gas
 14050 |  2.33e+00 |  5.04e+00 | 0.0207 | 0.5000 | 329756.19 | 0.000 | 8.39e+00 | 0.00e+00 | 0.00e+00 | 0.0001 | 0.0000 |  0.750 |  0.000 | 5000003067.93 | 0.0000 | 0.102 | 4.9872 | 3479.69 | 6.87e-01 | 1.0e-02 |   gas
 14075 |  2.26e+00 |  5.35e+00 | 0.0503 | 0.5000 | 329756.19 | 0.000 | 5.20e+00 | 0.00e+00 | 0.00e+00 | 0.0001 | 0.0000 |  0.750 |  0.000 | 5000008690.91 | 0.0000 | 0.103 | 4.9855 | 3458.01 | 6.79e-01 | 1.0e-02 |   gas
 14100 |  2.58e+00 |  4.25e+00 | 0.0414 | 0.5000 | 238392.42 | 0.000 | 0.00e+00 | 0.00e+00 | 0.00e+00 | 0.0003 | 0.0000 |  0.750 |  0.000 | 10000000000.00 | 0.0000 | 0.104 | 4.9810 | 3442.68 | 1.00e+00 | 1.0e-02 |   gas
 14125 |  1.94e+00 |  5.65e+00 | 0.0503 | 0.5000 | 238392.42 | 0.000 | 1.09e+00 | 0.00e+00 | 0.00e+00 | 0.0001 | 0.0000 |  0.750 |  0.000 | 5000004087.29 | 0.0000 | 0.105 | 4.9840 | 3421.68 | 6.25e-01 | 1.0e-02 |   gas
  [CHECKPOINT] checkpoints_superconductor/latest.pt
 14150 |  2.57e+00 |  7.18e+00 | 0.0296 | 0.4999 | 200234.70 | 0.000 | 6.49e-01 | 0.00e+00 | 0.00e+00 | 0.0003 | 0.0000 |  0.750 |  0.000 | 5000004222.85 | 0.0000 | 0.103 | 4.9695 | 3416.11 | 1.00e+00 | 1.0e-02 |   gas
 14175 |  2.62e+00 |  5.14e+00 | 0.0325 | 0.5000 | 200234.70 | 0.000 | 0.00e+00 | 0.00e+00 | 0.00e+00 | 0.0003 | 0.0000 |  0.750 |  0.000 | 10000000000.00 | 0.0000 | 0.104 | 4.9723 | 3423.32 | 1.00e+00 | 1.0e-02 |   gas
 14200 |  2.56e+00 |  4.07e+00 | 0.0355 | 0.5000 | 210774.86 | -0.001 | 6.95e+01 | 0.00e+00 | 0.00e+00 | 0.0001 | 0.0000 |  0.750 | -0.001 | -2275.61 | 0.0000 | 0.102 | 4.9770 | 3449.15 | 6.93e-01 | 1.0e-02 |   gas
       LC=   -inf psi_sp=10.885 F=-225.9 alpha=0.69 hd_gate_sp=0.000 ff_gate_sp=1.000 hd_topo=0.0 ff_topo=0.0 cooper_n=0 gap_r=0.9988
 14225 |  2.45e+00 |  5.41e+00 | 0.0118 | 0.5000 | 210774.86 | -0.000 | 1.80e+00 | 0.00e+00 | 0.00e+00 | 0.0002 | 0.0000 |  0.750 | -0.000 |  169.37 | 0.0000 | 0.100 | 4.9734 | 3444.31 | 7.69e-01 | 1.0e-02 |   gas
 14250 |  2.48e+00 |  5.08e+00 | 0.0296 | 0.5000 | 166825.66 | 0.000 | 7.89e-01 | 0.00e+00 | 0.00e+00 | 0.0003 | 0.0000 |  0.750 |  0.000 | 5000000938.52 | 0.0000 | 0.100 | 4.9773 | 3450.83 | 1.00e+00 | 1.0e-02 |   gas
 14275 |  1.97e+00 |  5.08e+00 | 0.0237 | 0.5000 | 166825.66 | 0.000 | 6.66e+00 | 0.00e+00 | 0.00e+00 | 0.0003 | 0.0000 |  0.750 |  0.000 | -1023.46 | 0.0000 | 0.101 | 4.9822 | 3458.15 | 9.40e-01 | 1.0e-02 |   gas
 14300 |  2.39e+00 |  4.81e+00 | 0.0237 | 0.5000 | 259032.00 | 0.000 | 2.24e+00 | 0.00e+00 | 0.00e+00 | 0.0003 | 0.0000 |  0.750 |  0.000 | 5000002974.99 | 0.0000 | 0.102 | 4.9734 | 3442.03 | 1.00e+00 | 1.0e-02 |   gas
 14325 |  1.68e+00 |  6.61e+00 | 0.0178 | 0.5000 | 259032.00 | 0.000 | 0.00e+00 | 0.00e+00 | 0.00e+00 | 0.0001 | 0.0000 |  0.750 |  0.000 | 10000000000.00 | 0.0000 | 0.103 | 4.9794 | 3416.59 | 6.09e-01 | 1.0e-02 |   gas
 14350 |  2.16e+00 |  5.54e+00 | 0.0178 | 0.5000 | 286125.56 | 0.000 | 2.91e+01 | 0.00e+00 | 0.00e+00 | 0.0002 | 0.0000 |  0.750 |  0.000 | 5000001330.60 | 0.0000 | 0.104 | 4.9730 | 3406.21 | 8.38e-01 | 1.0e-02 |   gas
 14375 |  1.62e+00 |  7.30e+00 | 0.0325 | 0.5000 | 286125.56 | 0.000 | 4.01e+00 | 0.00e+00 | 0.00e+00 | 0.0001 | 0.0000 |  0.750 |  0.000 | 5000008438.51 | 0.0000 | 0.105 | 4.9665 | 3386.72 | 6.25e-01 | 1.0e-02 |   gas
 14400 |  2.74e+00 |  5.96e+00 | 0.0473 | 0.5000 | 202646.56 | -0.001 | 9.40e+00 | 0.00e+00 | 0.00e+00 | 0.0003 | 0.0000 |  0.751 | -0.001 | 3870.56 | 0.0000 | 0.105 | 4.9637 | 3391.02 | 1.00e+00 | 1.0e-02 |   gas
       LC=   -inf psi_sp=10.520 F=-241.1 alpha=0.69 hd_gate_sp=0.000 ff_gate_sp=1.000 hd_topo=0.0 ff_topo=0.0 cooper_n=0 gap_r=0.9996
 14425 |  2.43e+00 |  4.99e+00 | 0.0207 | 0.5000 | 202646.56 | 0.000 | 0.00e+00 | 0.00e+00 | 0.00e+00 | 0.0003 | 0.0000 |  0.750 |  0.000 | 10000000000.00 | 0.0000 | 0.106 | 4.9531 | 3380.07 | 1.00e+00 | 1.0e-02 |   gas
 14450 |  3.13e+00 |  5.97e+00 | 0.0325 | 0.5000 | 260369.52 | 0.000 | 6.20e+00 | 0.00e+00 | 0.00e+00 | 0.0003 | 0.0000 |  0.750 |  0.000 | 7035.57 | 0.0000 | 0.103 | 4.9524 | 3373.02 | 1.00e+00 | 1.0e-02 |   gas
 14475 |  2.51e+00 |  4.91e+00 | 0.0118 | 0.5000 | 260369.52 | 0.000 | 1.88e-09 | 0.00e+00 | 0.00e+00 | 0.0003 | 0.0000 |  0.750 |  0.000 | 5043914572.70 | 0.0000 | 0.101 | 4.9679 | 3410.30 | 9.62e-01 | 1.0e-02 |   gas
 14500 |  2.48e+00 |  5.13e+00 | 0.0325 | 0.4999 | 265654.25 | 0.000 | 0.00e+00 | 0.00e+00 | 0.00e+00 | 0.0002 | 0.0000 |  0.750 |  0.000 | 10000000000.00 | 0.0000 | 0.102 | 4.9579 | 3398.01 | 8.92e-01 | 1.0e-02 |   gas
 14525 |  2.44e+00 |  5.54e+00 | 0.0178 | 0.5000 | 265654.25 | 0.000 | 0.00e+00 | 0.00e+00 | 0.00e+00 | 0.0003 | 0.0000 |  0.750 |  0.000 | 10000000000.00 | 0.0000 | 0.103 | 4.9444 | 3378.06 | 1.00e+00 | 1.0e-02 |   gas
 14550 |  2.53e+00 |  4.92e+00 | 0.0178 | 0.5000 | 207767.45 | 0.000 | 2.06e-01 | 0.00e+00 | 0.00e+00 | 0.0002 | 0.0000 |  0.750 |  0.000 | 5000000558.85 | 0.0000 | 0.102 | 4.9529 | 3378.66 | 1.00e+00 | 1.0e-02 |   gas
 14575 |  2.18e+00 |  5.36e+00 | 0.0178 | 0.5000 | 207767.45 | -0.007 | 1.55e+02 | 0.00e+00 | 0.00e+00 | 0.0001 | 0.0000 |  0.751 | -0.007 | -240.41 | 0.0000 | 0.104 | 4.9737 | 3399.63 | 6.36e-01 | 1.0e-02 |   gas
 14600 |  1.88e+00 |  5.64e+00 | 0.0385 | 0.5000 | 185736.97 | -0.001 | 3.51e+00 | 0.00e+00 | 0.00e+00 | 0.0001 | 0.0000 |  0.750 | -0.001 | 4999999756.18 | 0.0000 | 0.104 | 4.9623 | 3383.71 | 6.22e-01 | 1.0e-02 |   gas
       LC=   -inf psi_sp=10.622 F=-218.9 alpha=0.69 hd_gate_sp=0.000 ff_gate_sp=1.000 hd_topo=0.0 ff_topo=0.0 cooper_n=0 gap_r=0.9995
 14625 |  1.97e+00 |  6.08e+00 | 0.0207 | 0.5000 | 185736.97 | -0.000 | 4.55e+00 | 0.00e+00 | 0.00e+00 | 0.0003 | 0.0000 |  0.750 | -0.000 | 4999999272.93 | 0.0000 | 0.105 | 4.9543 | 3368.87 | 9.37e-01 | 1.0e-02 |   gas
 14650 |  1.89e+00 |  6.96e+00 | 0.0148 | 0.5000 | 149288.59 | -0.000 | 9.10e+00 | 0.00e+00 | 0.00e+00 | 0.0003 | 0.0000 |  0.750 | -0.000 |    1.62 | 0.0000 | 0.106 | 4.9279 | 3356.22 | 1.00e+00 | 1.0e-02 |   gas
 14675 |  1.85e+00 |  6.73e+00 | 0.0207 | 0.5000 | 149288.59 | 0.000 | 0.00e+00 | 0.00e+00 | 0.00e+00 | 0.0003 | 0.0000 |  0.750 |  0.000 | 10000000000.00 | 0.0000 | 0.107 | 4.9015 | 3345.46 | 1.00e+00 | 1.0e-02 |   gas
 14700 |  2.85e+00 |  7.25e+00 | 0.0178 | 0.5000 | 223009.83 | 0.001 | 7.42e-01 | 0.00e+00 | 0.00e+00 | 0.0003 | 0.0000 |  0.749 |  0.001 | 5000000209.56 | 0.0000 | 0.106 | 4.8795 | 3332.84 | 1.00e+00 | 1.0e-02 |   gas
 14725 |  1.86e+00 |  7.21e+00 | 0.0089 | 0.5000 | 223009.83 | -0.008 | 1.40e+03 | 0.00e+00 | 0.00e+00 | 0.0001 | 0.0000 |  0.752 | -0.008 | 4999999970.45 | 0.0000 | 0.107 | 4.9176 | 3341.98 | 6.02e-01 | 1.0e-02 |   gas
 14750 |  2.40e+00 |  4.76e+00 | 0.0266 | 0.5000 | 215390.67 | 0.000 | 0.00e+00 | 0.00e+00 | 0.00e+00 | 0.0002 | 0.0000 |  0.750 |  0.000 | 10000000000.00 | 0.0000 | 0.105 | 4.9039 | 3350.09 | 7.73e-01 | 1.0e-02 |   gas
 14775 |  2.49e+00 |  4.31e+00 | 0.0325 | 0.5000 | 215390.67 | -0.002 | 3.89e+01 | 0.00e+00 | 0.00e+00 | 0.0003 | 0.0000 |  0.750 | -0.002 | 4999999869.97 | 0.0000 | 0.105 | 4.9149 | 3358.10 | 9.83e-01 | 1.0e-02 |   gas
 14800 |  2.24e+00 |  5.24e+00 | 0.0237 | 0.5000 | 209571.62 | -0.001 | 1.23e+01 | 0.00e+00 | 0.00e+00 | 0.0003 | 0.0000 |  0.750 | -0.001 | 4999999756.18 | 0.0000 | 0.101 | 4.9141 | 3381.23 | 1.00e+00 | 1.0e-02 |   gas
       LC=   -inf psi_sp=10.505 F=-209.9 alpha=0.69 hd_gate_sp=0.000 ff_gate_sp=1.000 hd_topo=0.0 ff_topo=0.0 cooper_n=0 gap_r=0.9985
 14825 |  1.77e+00 |  6.29e+00 | 0.0266 | 0.5000 | 209571.62 | 0.000 | 0.00e+00 | 0.00e+00 | 0.00e+00 | 0.0002 | 0.0000 |  0.750 |  0.000 | 10000000000.00 | 0.0000 | 0.103 | 4.9094 | 3386.54 | 8.03e-01 | 1.0e-02 |   gas
 14850 |  1.79e+00 |  7.34e+00 | 0.0296 | 0.5000 | 288861.34 | 0.000 | 0.00e+00 | 0.00e+00 | 0.00e+00 | 0.0002 | 0.0000 |  0.750 |  0.000 | 10000000000.00 | 0.0000 | 0.103 | 4.9115 | 3383.92 | 8.20e-01 | 1.0e-02 |   gas
 14875 |  1.61e+00 |  7.46e+00 | 0.0207 | 0.5000 | 288861.34 | 0.000 | 0.00e+00 | 0.00e+00 | 0.00e+00 | 0.0001 | 0.0000 |  0.750 |  0.000 | 10000000000.00 | 0.0000 | 0.104 | 4.9152 | 3380.14 | 6.13e-01 | 1.0e-02 |   gas
 14900 |  1.58e+00 |  7.90e+00 | 0.0266 | 0.5000 | 204149.81 | 0.000 | 2.50e+00 | 0.00e+00 | 0.00e+00 | 0.0001 | 0.0000 |  0.750 |  0.000 | 5000005464.46 | 0.0000 | 0.105 | 4.9273 | 3374.72 | 6.39e-01 | 1.0e-02 |   gas
 14925 |  1.81e+00 |  6.06e+00 | 0.0118 | 0.5000 | 204149.81 | 0.000 | 0.00e+00 | 0.00e+00 | 0.00e+00 | 0.0003 | 0.0000 |  0.750 |  0.000 | 10000000000.00 | 0.0000 | 0.106 | 4.9251 | 3368.76 | 1.00e+00 | 1.0e-02 |   gas
 14950 |  1.84e+00 |  7.10e+00 | 0.0355 | 0.5000 | 160123.06 | 0.000 | 1.38e-08 | 0.00e+00 | 0.00e+00 | 0.0002 | 0.0000 |  0.750 |  0.000 | 5022054806.63 | 0.0000 | 0.107 | 4.9207 | 3357.37 | 8.51e-01 | 1.0e-02 |   gas
 14975 |  1.79e+00 |  5.72e+00 | 0.0296 | 0.5000 | 160123.06 | 0.000 | 5.70e+00 | 0.00e+00 | 0.00e+00 | 0.0001 | 0.0000 |  0.750 |  0.000 | 5000002708.70 | 0.0000 | 0.109 | 4.9179 | 3352.92 | 5.89e-01 | 1.0e-02 |   gas
 15000 |  1.61e+00 |  7.32e+00 | 0.0207 | 0.5000 | 173709.42 | 0.000 | 3.54e-06 | 0.00e+00 | 0.00e+00 | 0.0001 | 0.0000 |  0.750 |  0.000 | 5001385418.17 | 0.0000 | 0.110 | 4.9141 | 3341.50 | 6.89e-01 | 1.0e-02 |   gas
       LC=   -inf psi_sp=10.404 F=-228.8 alpha=0.69 hd_gate_sp=0.000 ff_gate_sp=1.000 hd_topo=0.0 ff_topo=0.0 cooper_n=0 gap_r=0.9999
 15025 |  3.62e+00 |  4.02e+00 | 0.0207 | 0.5000 | 173709.42 | -0.005 | 4.47e+02 | 0.00e+00 | 0.00e+00 | 0.0003 | 0.0000 |  0.752 | -0.005 | 4999999952.43 | 0.0000 | 0.106 | 4.9415 | 3358.69 | 1.00e+00 | 1.0e-02 |   gas
 15050 |  2.32e+00 |  5.60e+00 | 0.0296 | 0.4999 | 170232.08 | -0.000 | 5.01e-01 | 0.00e+00 | 0.00e+00 | 0.0003 | 0.0000 |  0.750 | -0.000 | 4999998049.48 | 0.0000 | 0.107 | 4.9741 | 3380.54 | 1.00e+00 | 1.0e-02 |   gas
 15075 |  2.05e+00 |  6.29e+00 | 0.0207 | 0.5000 | 170232.08 | 0.000 | 4.90e-01 | 0.00e+00 | 0.00e+00 | 0.0003 | 0.0000 |  0.750 |  0.000 | -779.99 | 0.0000 | 0.105 | 4.9599 | 3363.34 | 9.45e-01 | 1.0e-02 |   gas
 15100 |  1.91e+00 |  6.98e+00 | 0.0148 | 0.5000 | 277747.59 | 0.000 | 3.39e+00 | 0.00e+00 | 0.00e+00 | 0.0001 | 0.0000 |  0.750 |  0.000 | 8808.39 | 0.0000 | 0.106 | 4.9756 | 3373.12 | 6.24e-01 | 1.0e-02 |   gas
 15125 |  1.92e+00 |  6.29e+00 | 0.0030 | 0.5000 | 277747.59 | 0.000 | 0.00e+00 | 0.00e+00 | 0.00e+00 | 0.0003 | 0.0000 |  0.750 |  0.000 | 10000000000.00 | 0.0000 | 0.106 | 4.9690 | 3366.02 | 8.04e-01 | 1.0e-02 |   gas
 15150 |  2.24e+00 |  6.65e+00 | 0.0148 | 0.5000 | 278187.53 | 0.000 | 2.96e-02 | 0.00e+00 | 0.00e+00 | 0.0003 | 0.0000 |  0.750 |  0.000 | 5000004193.90 | 0.0000 | 0.106 | 4.9647 | 3353.55 | 1.00e+00 | 1.0e-02 |   gas
 15175 |  2.19e+00 |  5.04e+00 | 0.0473 | 0.5000 | 278187.53 | 0.000 | 0.00e+00 | 0.00e+00 | 0.00e+00 | 0.0001 | 0.0000 |  0.750 |  0.000 | 10000000000.00 | 0.0000 | 0.105 | 4.9707 | 3363.61 | 6.97e-01 | 1.0e-02 |   gas
 15200 |  2.47e+00 |  5.04e+00 | 0.0296 | 0.5000 | 229966.81 | 0.000 | 0.00e+00 | 0.00e+00 | 0.00e+00 | 0.0003 | 0.0000 |  0.750 |  0.000 | 10000000000.00 | 0.0000 | 0.107 | 4.9719 | 3353.33 | 1.00e+00 | 1.0e-02 |   gas
       LC=   -inf psi_sp=10.459 F=-224.3 alpha=0.69 hd_gate_sp=0.000 ff_gate_sp=1.000 hd_topo=0.0 ff_topo=0.0 cooper_n=0 gap_r=0.9997
 15225 |  2.73e+00 |  5.24e+00 | 0.0266 | 0.4999 | 229966.81 | 0.000 | 8.64e-07 | 0.00e+00 | 0.00e+00 | 0.0002 | 0.0000 |  0.750 |  0.000 | 5002768714.93 | 0.0000 | 0.103 | 4.9662 | 3353.09 | 7.25e-01 | 1.0e-02 |   gas
 15250 |  2.05e+00 |  5.93e+00 | 0.0207 | 0.5000 | 229284.81 | 0.000 | 0.00e+00 | 0.00e+00 | 0.00e+00 | 0.0002 | 0.0000 |  0.750 |  0.000 | 10000000000.00 | 0.0000 | 0.104 | 4.9752 | 3364.51 | 7.13e-01 | 1.0e-02 |   gas
 15275 |  2.30e+00 |  6.53e+00 | 0.0148 | 0.5000 | 229284.81 | 0.000 | 0.00e+00 | 0.00e+00 | 0.00e+00 | 0.0003 | 0.0000 |  0.750 |  0.000 | 10000000000.00 | 0.0000 | 0.102 | 4.9671 | 3370.50 | 1.00e+00 | 1.0e-02 |   gas
 15300 |  3.09e+00 |  5.09e+00 | 0.0148 | 0.5000 | 246488.25 | 0.000 | 0.00e+00 | 0.00e+00 | 0.00e+00 | 0.0003 | 0.0000 |  0.750 |  0.000 | 10000000000.00 | 0.0000 | 0.103 | 4.9741 | 3376.99 | 1.00e+00 | 1.0e-02 |   gas
 15325 |  2.20e+00 |  5.64e+00 | 0.0118 | 0.5000 | 246488.25 | 0.000 | 0.00e+00 | 0.00e+00 | 0.00e+00 | 0.0003 | 0.0000 |  0.750 |  0.000 | 10000000000.00 | 0.0000 | 0.101 | 4.9779 | 3382.43 | 9.60e-01 | 1.0e-02 |   gas
 15350 |  2.30e+00 |  5.89e+00 | 0.0148 | 0.5000 | 221210.28 | -0.000 | 3.50e+00 | 0.00e+00 | 0.00e+00 | 0.0002 | 0.0000 |  0.750 | -0.000 | 4999998049.48 | 0.0000 | 0.101 | 4.9762 | 3383.05 | 7.75e-01 | 1.0e-02 |   gas
 15375 |  2.29e+00 |  8.23e+00 | 0.0533 | 0.5000 | 221210.28 | 0.000 | 6.80e-12 | 0.00e+00 | 0.00e+00 | 0.0003 | 0.0000 |  0.750 |  0.000 | 5115412815.24 | 0.0000 | 0.100 | 4.9762 | 3384.00 | 1.00e+00 | 1.0e-02 |   gas
 15400 |  2.40e+00 |  6.22e+00 | 0.0148 | 0.5000 | 156225.06 | 0.000 | 7.17e+00 | 0.00e+00 | 0.00e+00 | 0.0002 | 0.0000 |  0.750 |  0.000 | 5000011565.83 | 0.0000 | 0.101 | 4.9837 | 3415.17 | 7.62e-01 | 1.0e-02 |   gas
       LC=   -inf psi_sp=10.664 F=-220.9 alpha=0.69 hd_gate_sp=0.000 ff_gate_sp=1.000 hd_topo=0.0 ff_topo=0.0 cooper_n=0 gap_r=0.9987
 15425 |  2.44e+00 |  5.68e+00 | 0.0148 | 0.5000 | 156225.06 | 0.000 | 0.00e+00 | 0.00e+00 | 0.00e+00 | 0.0003 | 0.0000 |  0.750 |  0.000 | 10000000000.00 | 0.0000 | 0.102 | 4.9818 | 3407.24 | 9.32e-01 | 1.0e-02 |   gas
 15450 |  3.13e+00 |  3.75e+00 | 0.0207 | 0.4999 | 272294.88 | 0.000 | 0.00e+00 | 0.00e+00 | 0.00e+00 | 0.0002 | 0.0000 |  0.750 |  0.000 | 10000000000.00 | 0.0000 | 0.098 | 4.9644 | 3429.22 | 7.56e-01 | 1.0e-02 |   gas
 15475 |  2.79e+00 |  4.42e+00 | 0.0237 | 0.5000 | 272294.88 | 0.000 | 0.00e+00 | 0.00e+00 | 0.00e+00 | 0.0002 | 0.0000 |  0.750 |  0.000 | 10000000000.00 | 0.0000 | 0.099 | 4.9738 | 3421.67 | 8.77e-01 | 1.0e-02 |   gas
 15500 |  2.70e+00 |  5.16e+00 | 0.0237 | 0.5000 | 298418.28 | 0.000 | 0.00e+00 | 0.00e+00 | 0.00e+00 | 0.0001 | 0.0000 |  0.750 |  0.000 | 10000000000.00 | 0.0000 | 0.101 | 4.9717 | 3399.06 | 6.98e-01 | 1.0e-02 |   gas
 15525 |  1.88e+00 |  7.02e+00 | 0.0266 | 0.5000 | 298418.28 | 0.000 | 0.00e+00 | 0.00e+00 | 0.00e+00 | 0.0001 | 0.0000 |  0.750 |  0.000 | 10000000000.00 | 0.0000 | 0.103 | 4.9726 | 3376.69 | 5.74e-01 | 1.0e-02 |   gas
 15550 |  1.71e+00 |  7.03e+00 | 0.0266 | 0.5000 | 185666.52 | 0.000 | 0.00e+00 | 0.00e+00 | 0.00e+00 | 0.0001 | 0.0000 |  0.750 |  0.000 | 10000000000.00 | 0.0000 | 0.103 | 4.9663 | 3361.98 | 6.68e-01 | 1.0e-02 |   gas
 15575 |  2.37e+00 |  6.06e+00 | 0.0237 | 0.5000 | 185666.52 | 0.000 | 8.49e+00 | 0.00e+00 | 0.00e+00 | 0.0002 | 0.0000 |  0.750 |  0.000 | 5000003562.77 | 0.0000 | 0.105 | 4.9488 | 3350.06 | 8.33e-01 | 1.0e-02 |   gas